Store,StoreType,Assortment,CompetitionDistance,CompetitionOpenSinceMonth,CompetitionOpenSinceYear,Promo2,Promo2SinceWeek,Promo2SinceYear,PromoInterval,CustomerPerDay
1,c,a,1270.0,9.0,2008.0,0,23.0,2011.0,"Jan,Apr,Jul,Oct",593.0
2,a,a,570.0,11.0,2007.0,1,13.0,2010.0,"Jan,Apr,Jul,Oct",603.0
3,a,a,14130.0,12.0,2006.0,1,14.0,2011.0,"Jan,Apr,Jul,Oct",791.0
4,c,c,620.0,9.0,2009.0,0,23.0,2011.0,"Jan,Apr,Jul,Oct",1341.0
5,a,a,29910.0,4.0,2015.0,0,23.0,2011.0,"Jan,Apr,Jul,Oct",567.0
6,a,a,310.0,12.0,2013.0,0,23.0,2011.0,"Jan,Apr,Jul,Oct",694.0
7,a,c,24000.0,4.0,2013.0,0,23.0,2011.0,"Jan,Apr,Jul,Oct",957.0
8,a,a,7520.0,10.0,2014.0,0,23.0,2011.0,"Jan,Apr,Jul,Oct",640.0
9,a,c,2030.0,8.0,2000.0,0,23.0,2011.0,"Jan,Apr,Jul,Oct",569.0
10,a,a,3160.0,9.0,2009.0,0,23.0,2011.0,"Jan,Apr,Jul,Oct",613.0
11,a,c,960.0,11.0,2011.0,1,1.0,2012.0,"Jan,Apr,Jul,Oct",1157.0
12,a,c,1070.0,7.0,2008.0,1,13.0,2010.0,"Jan,Apr,Jul,Oct",907.0
13,d,a,310.0,7.0,2008.0,1,45.0,2009.0,"Feb,May,Aug,Nov",415.0
14,a,a,1300.0,3.0,2014.0,1,40.0,2011.0,"Jan,Apr,Jul,Oct",659.0
15,d,c,4110.0,3.0,2010.0,1,14.0,2011.0,"Jan,Apr,Jul,Oct",681.0
16,a,c,3270.0,7.0,2008.0,0,23.0,2011.0,"Jan,Apr,Jul,Oct",881.0
17,a,a,50.0,12.0,2005.0,1,26.0,2010.0,"Jan,Apr,Jul,Oct",826.0
18,d,c,13840.0,6.0,2010.0,1,14.0,2012.0,"Jan,Apr,Jul,Oct",725.0
19,a,c,3240.0,7.0,2008.0,1,22.0,2011.0,"Mar,Jun,Sept,Dec",636.0
20,d,a,2340.0,5.0,2009.0,1,40.0,2014.0,"Jan,Apr,Jul,Oct",866.0
21,c,c,550.0,10.0,1999.0,1,45.0,2009.0,"Jan,Apr,Jul,Oct",543.0
22,a,a,1040.0,7.0,2008.0,1,22.0,2012.0,"Jan,Apr,Jul,Oct",519.0
23,d,a,4060.0,8.0,2005.0,0,23.0,2011.0,"Jan,Apr,Jul,Oct",501.0
24,a,c,4590.0,3.0,2000.0,1,40.0,2011.0,"Jan,Apr,Jul,Oct",841.0
25,c,a,430.0,4.0,2003.0,0,23.0,2011.0,"Jan,Apr,Jul,Oct",1609.0
26,d,a,2300.0,7.0,2008.0,0,23.0,2011.0,"Jan,Apr,Jul,Oct",577.0
27,a,a,60.0,1.0,2005.0,1,5.0,2011.0,"Jan,Apr,Jul,Oct",1099.0
28,a,a,1200.0,10.0,2014.0,1,6.0,2015.0,"Mar,Jun,Sept,Dec",640.0
29,d,c,2170.0,7.0,2008.0,0,23.0,2011.0,"Jan,Apr,Jul,Oct",648.0
30,a,a,40.0,2.0,2014.0,1,10.0,2014.0,"Mar,Jun,Sept,Dec",853.0
31,d,c,9800.0,7.0,2012.0,0,23.0,2011.0,"Jan,Apr,Jul,Oct",621.0
32,a,a,2910.0,7.0,2008.0,1,45.0,2009.0,"Feb,May,Aug,Nov",499.0
33,a,c,1320.0,5.0,2013.0,0,23.0,2011.0,"Jan,Apr,Jul,Oct",870.0
34,c,a,2240.0,9.0,2009.0,0,23.0,2011.0,"Jan,Apr,Jul,Oct",1013.0
35,d,c,7660.0,10.0,2000.0,1,1.0,2012.0,"Jan,Apr,Jul,Oct",741.0
36,a,c,540.0,6.0,2003.0,1,40.0,2014.0,"Jan,Apr,Jul,Oct",1113.0
37,c,a,4230.0,12.0,2014.0,0,23.0,2011.0,"Jan,Apr,Jul,Oct",812.0
38,d,a,1090.0,4.0,2007.0,0,23.0,2011.0,"Jan,Apr,Jul,Oct",546.0
39,a,a,260.0,10.0,2006.0,1,31.0,2013.0,"Feb,May,Aug,Nov",637.0
40,a,a,180.0,7.0,2008.0,1,45.0,2009.0,"Feb,May,Aug,Nov",706.0
41,d,c,1180.0,7.0,2008.0,1,31.0,2013.0,"Jan,Apr,Jul,Oct",411.0
42,a,c,290.0,7.0,2008.0,1,40.0,2011.0,"Jan,Apr,Jul,Oct",1111.0
43,d,a,4880.0,7.0,2008.0,1,37.0,2009.0,"Jan,Apr,Jul,Oct",647.0
44,a,a,540.0,6.0,2011.0,0,23.0,2011.0,"Jan,Apr,Jul,Oct",666.0
45,d,a,9710.0,2.0,2014.0,0,23.0,2011.0,"Jan,Apr,Jul,Oct",438.0
46,c,a,1200.0,9.0,2005.0,1,14.0,2011.0,"Jan,Apr,Jul,Oct",678.0
47,a,c,270.0,4.0,2013.0,1,14.0,2013.0,"Jan,Apr,Jul,Oct",917.0
48,a,a,1060.0,5.0,2012.0,0,23.0,2011.0,"Jan,Apr,Jul,Oct",477.0
49,d,c,18010.0,9.0,2007.0,0,23.0,2011.0,"Jan,Apr,Jul,Oct",536.0
50,d,a,6260.0,11.0,2009.0,0,23.0,2011.0,"Jan,Apr,Jul,Oct",376.0
51,a,c,10570.0,7.0,2013.0,1,9.0,2011.0,"Jan,Apr,Jul,Oct",512.0
52,d,c,450.0,4.0,2014.0,1,39.0,2010.0,"Jan,Apr,Jul,Oct",557.0
53,a,c,30360.0,9.0,2013.0,0,23.0,2011.0,"Jan,Apr,Jul,Oct",576.0
54,d,c,7170.0,8.0,2014.0,1,5.0,2013.0,"Feb,May,Aug,Nov",760.0
55,a,a,720.0,11.0,2004.0,0,23.0,2011.0,"Jan,Apr,Jul,Oct",566.0
56,d,c,6620.0,3.0,2012.0,1,10.0,2014.0,"Mar,Jun,Sept,Dec",493.0
57,d,c,420.0,6.0,2014.0,0,23.0,2011.0,"Jan,Apr,Jul,Oct",1100.0
58,a,c,7340.0,5.0,2008.0,1,27.0,2012.0,"Jan,Apr,Jul,Oct",522.0
59,a,c,2840.0,6.0,2007.0,1,14.0,2011.0,"Jan,Apr,Jul,Oct",582.0
60,d,c,5540.0,10.0,2009.0,0,23.0,2011.0,"Jan,Apr,Jul,Oct",713.0
61,a,c,350.0,12.0,2007.0,1,1.0,2012.0,"Jan,Apr,Jul,Oct",577.0
62,a,a,2050.0,7.0,2008.0,0,23.0,2011.0,"Jan,Apr,Jul,Oct",743.0
63,c,c,3700.0,6.0,2010.0,1,18.0,2010.0,"Feb,May,Aug,Nov",658.0
64,d,c,22560.0,7.0,2008.0,1,14.0,2013.0,"Jan,Apr,Jul,Oct",796.0
65,a,c,13840.0,5.0,2010.0,1,1.0,2012.0,"Jan,Apr,Jul,Oct",490.0
66,d,a,7660.0,7.0,2008.0,1,37.0,2009.0,"Jan,Apr,Jul,Oct",551.0
67,a,c,410.0,2.0,2006.0,0,23.0,2011.0,"Jan,Apr,Jul,Oct",823.0
68,a,c,250.0,7.0,2008.0,1,35.0,2012.0,"Mar,Jun,Sept,Dec",1168.0
69,c,c,1130.0,7.0,2008.0,1,40.0,2011.0,"Jan,Apr,Jul,Oct",1212.0
70,c,c,4840.0,7.0,2008.0,0,23.0,2011.0,"Jan,Apr,Jul,Oct",711.0
71,a,a,17500.0,8.0,2008.0,1,37.0,2009.0,"Mar,Jun,Sept,Dec",768.0
72,a,a,2200.0,12.0,2009.0,1,13.0,2010.0,"Jan,Apr,Jul,Oct",509.0
73,a,c,1650.0,9.0,2008.0,0,23.0,2011.0,"Jan,Apr,Jul,Oct",529.0
74,a,a,330.0,7.0,2008.0,0,23.0,2011.0,"Jan,Apr,Jul,Oct",884.0
75,d,c,22440.0,12.0,2013.0,0,23.0,2011.0,"Jan,Apr,Jul,Oct",651.0
76,d,c,19960.0,3.0,2006.0,0,23.0,2011.0,"Jan,Apr,Jul,Oct",947.0
77,d,c,1090.0,8.0,2009.0,1,10.0,2014.0,"Jan,Apr,Jul,Oct",671.0
78,a,a,3510.0,11.0,2006.0,1,5.0,2013.0,"Feb,May,Aug,Nov",522.0
79,a,a,3320.0,7.0,2008.0,0,23.0,2011.0,"Jan,Apr,Jul,Oct",575.0
80,d,a,7910.0,7.0,2008.0,0,23.0,2011.0,"Jan,Apr,Jul,Oct",586.0
81,a,a,2370.0,3.0,2011.0,1,40.0,2014.0,"Jan,Apr,Jul,Oct",580.0
82,a,a,22390.0,4.0,2008.0,1,37.0,2009.0,"Jan,Apr,Jul,Oct",853.0
83,a,a,2710.0,7.0,2008.0,0,23.0,2011.0,"Jan,Apr,Jul,Oct",371.0
84,a,c,11810.0,8.0,2014.0,0,23.0,2011.0,"Jan,Apr,Jul,Oct",1416.0
85,b,a,1870.0,10.0,2011.0,0,23.0,2011.0,"Jan,Apr,Jul,Oct",1018.0
86,a,a,480.0,2.0,2005.0,1,31.0,2013.0,"Jan,Apr,Jul,Oct",637.0
87,a,a,560.0,12.0,2010.0,0,23.0,2011.0,"Jan,Apr,Jul,Oct",766.0
88,a,a,10690.0,10.0,2005.0,0,23.0,2011.0,"Jan,Apr,Jul,Oct",635.0
89,a,a,2380.0,7.0,2004.0,1,40.0,2014.0,"Jan,Apr,Jul,Oct",648.0
90,a,a,330.0,11.0,2007.0,0,23.0,2011.0,"Jan,Apr,Jul,Oct",1093.0
91,c,a,2410.0,7.0,2008.0,1,35.0,2011.0,"Jan,Apr,Jul,Oct",688.0
92,c,a,240.0,7.0,2008.0,1,45.0,2009.0,"Feb,May,Aug,Nov",554.0
93,a,a,16690.0,7.0,2008.0,1,14.0,2011.0,"Jan,Apr,Jul,Oct",627.0
94,d,c,14620.0,7.0,2008.0,0,23.0,2011.0,"Jan,Apr,Jul,Oct",654.0
95,a,a,1890.0,10.0,2014.0,0,23.0,2011.0,"Jan,Apr,Jul,Oct",892.0
96,a,a,8780.0,2.0,2005.0,1,37.0,2009.0,"Jan,Apr,Jul,Oct",559.0
97,d,c,8980.0,7.0,2008.0,0,23.0,2011.0,"Jan,Apr,Jul,Oct",712.0
98,d,c,15140.0,12.0,2006.0,1,1.0,2012.0,"Jan,Apr,Jul,Oct",461.0
99,c,c,2030.0,11.0,2003.0,1,22.0,2012.0,"Mar,Jun,Sept,Dec",472.0
100,d,a,17930.0,7.0,2008.0,0,23.0,2011.0,"Jan,Apr,Jul,Oct",704.0
101,d,c,2440.0,7.0,2008.0,1,22.0,2012.0,"Mar,Jun,Sept,Dec",794.0
102,a,a,150.0,12.0,2007.0,1,10.0,2014.0,"Mar,Jun,Sept,Dec",1072.0
103,d,c,5210.0,5.0,2015.0,0,23.0,2011.0,"Jan,Apr,Jul,Oct",430.0
104,a,a,390.0,6.0,2009.0,0,23.0,2011.0,"Jan,Apr,Jul,Oct",1331.0
105,a,c,6190.0,7.0,2008.0,1,23.0,2013.0,"Mar,Jun,Sept,Dec",503.0
106,a,a,1390.0,8.0,2013.0,0,23.0,2011.0,"Jan,Apr,Jul,Oct",852.0
107,a,a,1930.0,9.0,2009.0,0,23.0,2011.0,"Jan,Apr,Jul,Oct",967.0
108,d,c,2190.0,9.0,2003.0,0,23.0,2011.0,"Jan,Apr,Jul,Oct",853.0
109,a,c,3300.0,11.0,2010.0,0,23.0,2011.0,"Jan,Apr,Jul,Oct",757.0
110,a,c,46590.0,4.0,2013.0,0,23.0,2011.0,"Jan,Apr,Jul,Oct",620.0
111,d,c,7890.0,7.0,2008.0,1,37.0,2009.0,"Jan,Apr,Jul,Oct",621.0
112,a,a,1630.0,9.0,2009.0,0,23.0,2011.0,"Jan,Apr,Jul,Oct",794.0
113,d,c,20930.0,11.0,1999.0,0,23.0,2011.0,"Jan,Apr,Jul,Oct",759.0
114,c,a,4510.0,7.0,2008.0,1,48.0,2011.0,"Mar,Jun,Sept,Dec",639.0
115,d,c,5740.0,4.0,2007.0,1,40.0,2014.0,"Jan,Apr,Jul,Oct",562.0
116,a,a,680.0,4.0,2013.0,0,23.0,2011.0,"Jan,Apr,Jul,Oct",791.0
117,a,a,3450.0,9.0,2011.0,0,23.0,2011.0,"Jan,Apr,Jul,Oct",521.0
118,d,c,3580.0,9.0,2012.0,0,23.0,2011.0,"Jan,Apr,Jul,Oct",669.0
119,a,c,2100.0,2.0,2010.0,0,23.0,2011.0,"Jan,Apr,Jul,Oct",681.0
120,d,a,2290.0,12.0,2014.0,1,37.0,2009.0,"Jan,Apr,Jul,Oct",661.0
121,a,a,3570.0,11.0,2009.0,1,36.0,2013.0,"Mar,Jun,Sept,Dec",540.0
122,a,c,58260.0,4.0,2013.0,0,23.0,2011.0,"Jan,Apr,Jul,Oct",821.0
123,a,a,16760.0,9.0,2011.0,0,23.0,2011.0,"Jan,Apr,Jul,Oct",990.0
124,a,a,1410.0,4.0,2003.0,0,23.0,2011.0,"Jan,Apr,Jul,Oct",545.0
125,a,a,760.0,12.0,2005.0,0,23.0,2011.0,"Jan,Apr,Jul,Oct",1616.0
126,d,a,3370.0,10.0,2014.0,1,18.0,2011.0,"Feb,May,Aug,Nov",591.0
127,d,a,1350.0,12.0,2005.0,1,13.0,2010.0,"Jan,Apr,Jul,Oct",686.0
128,d,c,2000.0,7.0,2008.0,1,1.0,2013.0,"Jan,Apr,Jul,Oct",583.0
129,a,a,2460.0,7.0,2008.0,1,14.0,2011.0,"Jan,Apr,Jul,Oct",1207.0
130,c,a,900.0,7.0,2008.0,1,13.0,2010.0,"Jan,Apr,Jul,Oct",595.0
131,c,a,920.0,7.0,2015.0,0,23.0,2011.0,"Jan,Apr,Jul,Oct",602.0
132,d,c,1040.0,7.0,2008.0,1,27.0,2012.0,"Jan,Apr,Jul,Oct",584.0
133,a,a,270.0,8.0,2013.0,1,10.0,2014.0,"Mar,Jun,Sept,Dec",819.0
134,a,a,1200.0,9.0,2008.0,0,23.0,2011.0,"Jan,Apr,Jul,Oct",515.0
135,d,a,5190.0,7.0,2008.0,1,1.0,2013.0,"Jan,Apr,Jul,Oct",552.0
136,a,c,2200.0,12.0,2010.0,1,22.0,2012.0,"Feb,May,Aug,Nov",452.0
137,a,a,1730.0,7.0,2015.0,1,40.0,2014.0,"Jan,Apr,Jul,Oct",968.0
138,a,c,25360.0,10.0,2014.0,0,23.0,2011.0,"Jan,Apr,Jul,Oct",720.0
139,a,a,1700.0,1.0,2008.0,1,14.0,2011.0,"Jan,Apr,Jul,Oct",544.0
140,a,c,1090.0,7.0,2010.0,1,1.0,2013.0,"Jan,Apr,Jul,Oct",971.0
141,c,c,1540.0,7.0,2008.0,1,22.0,2012.0,"Mar,Jun,Sept,Dec",630.0
142,a,a,1090.0,7.0,2002.0,0,23.0,2011.0,"Jan,Apr,Jul,Oct",596.0
143,d,a,2930.0,12.0,2002.0,0,23.0,2011.0,"Jan,Apr,Jul,Oct",598.0
144,a,c,16570.0,7.0,2008.0,0,23.0,2011.0,"Jan,Apr,Jul,Oct",754.0
145,a,a,280.0,7.0,2008.0,1,45.0,2009.0,"Feb,May,Aug,Nov",1361.0
146,d,c,8050.0,10.0,1961.0,1,48.0,2012.0,"Jan,Apr,Jul,Oct",703.0
147,d,c,8540.0,7.0,2008.0,0,23.0,2011.0,"Jan,Apr,Jul,Oct",900.0
148,a,a,2090.0,12.0,2008.0,0,23.0,2011.0,"Jan,Apr,Jul,Oct",830.0
149,d,a,2610.0,7.0,2006.0,1,14.0,2011.0,"Jan,Apr,Jul,Oct",514.0
150,c,c,31830.0,3.0,2010.0,0,23.0,2011.0,"Jan,Apr,Jul,Oct",821.0
151,d,c,4360.0,10.0,2005.0,0,23.0,2011.0,"Jan,Apr,Jul,Oct",661.0
152,a,a,1780.0,7.0,2008.0,0,23.0,2011.0,"Jan,Apr,Jul,Oct",639.0
153,a,a,16240.0,10.0,2000.0,1,18.0,2011.0,"Feb,May,Aug,Nov",668.0
154,d,c,16420.0,7.0,2008.0,0,23.0,2011.0,"Jan,Apr,Jul,Oct",737.0
155,d,a,3050.0,7.0,2008.0,1,35.0,2010.0,"Jan,Apr,Jul,Oct",682.0
156,a,a,2020.0,2.0,2011.0,1,14.0,2011.0,"Mar,Jun,Sept,Dec",737.0
157,a,c,2950.0,10.0,2004.0,0,23.0,2011.0,"Jan,Apr,Jul,Oct",1021.0
158,d,c,11840.0,7.0,2008.0,1,31.0,2009.0,"Feb,May,Aug,Nov",543.0
159,d,a,8530.0,3.0,2013.0,0,23.0,2011.0,"Jan,Apr,Jul,Oct",737.0
160,d,c,17110.0,11.0,2005.0,0,23.0,2011.0,"Jan,Apr,Jul,Oct",582.0
161,a,c,2970.0,3.0,2005.0,0,23.0,2011.0,"Jan,Apr,Jul,Oct",841.0
162,d,c,5340.0,3.0,2012.0,1,13.0,2010.0,"Jan,Apr,Jul,Oct",574.0
163,a,a,1480.0,4.0,2009.0,0,23.0,2011.0,"Jan,Apr,Jul,Oct",941.0
164,a,a,1160.0,9.0,2005.0,1,13.0,2010.0,"Jan,Apr,Jul,Oct",655.0
165,a,a,3720.0,4.0,2005.0,1,13.0,2010.0,"Jan,Apr,Jul,Oct",455.0
166,a,c,100.0,4.0,2014.0,1,31.0,2013.0,"Jan,Apr,Jul,Oct",846.0
167,a,a,140.0,4.0,2008.0,0,23.0,2011.0,"Jan,Apr,Jul,Oct",1057.0
168,a,a,12540.0,7.0,2008.0,0,23.0,2011.0,"Jan,Apr,Jul,Oct",745.0
169,d,a,980.0,7.0,2014.0,1,18.0,2014.0,"Feb,May,Aug,Nov",774.0
170,a,a,1070.0,5.0,2015.0,1,14.0,2011.0,"Jan,Apr,Jul,Oct",585.0
171,a,a,2640.0,7.0,2008.0,0,23.0,2011.0,"Jan,Apr,Jul,Oct",890.0
172,a,a,110.0,7.0,2008.0,1,40.0,2014.0,"Jan,Apr,Jul,Oct",892.0
173,a,a,350.0,12.0,2012.0,0,23.0,2011.0,"Jan,Apr,Jul,Oct",1057.0
174,a,a,13090.0,7.0,2008.0,1,22.0,2012.0,"Jan,Apr,Jul,Oct",500.0
175,c,a,4130.0,7.0,2008.0,0,23.0,2011.0,"Jan,Apr,Jul,Oct",703.0
176,a,a,3770.0,7.0,2008.0,0,23.0,2011.0,"Jan,Apr,Jul,Oct",659.0
177,a,a,1250.0,2.0,2004.0,1,5.0,2013.0,"Feb,May,Aug,Nov",512.0
178,d,a,1710.0,7.0,2008.0,0,23.0,2011.0,"Jan,Apr,Jul,Oct",938.0
179,a,c,480.0,7.0,2008.0,0,23.0,2011.0,"Jan,Apr,Jul,Oct",958.0
180,d,a,5800.0,9.0,2010.0,0,23.0,2011.0,"Jan,Apr,Jul,Oct",869.0
181,a,a,12610.0,3.0,2013.0,1,14.0,2011.0,"Jan,Apr,Jul,Oct",704.0
182,d,c,1390.0,7.0,2008.0,1,9.0,2011.0,"Mar,Jun,Sept,Dec",426.0
183,a,a,9670.0,7.0,2008.0,0,23.0,2011.0,"Jan,Apr,Jul,Oct",621.0
184,d,c,3560.0,7.0,2008.0,0,23.0,2011.0,"Jan,Apr,Jul,Oct",622.0
185,d,c,1860.0,5.0,2015.0,0,23.0,2011.0,"Jan,Apr,Jul,Oct",561.0
186,a,a,290.0,10.0,2011.0,1,40.0,2014.0,"Jan,Apr,Jul,Oct",406.0
187,a,c,19360.0,7.0,2008.0,0,23.0,2011.0,"Jan,Apr,Jul,Oct",802.0
188,d,a,850.0,7.0,2008.0,1,18.0,2011.0,"Feb,May,Aug,Nov",448.0
189,d,a,5760.0,7.0,2014.0,0,23.0,2011.0,"Jan,Apr,Jul,Oct",875.0
190,a,a,1470.0,12.0,2006.0,1,40.0,2014.0,"Jan,Apr,Jul,Oct",670.0
191,a,a,1100.0,8.0,2013.0,1,40.0,2014.0,"Jan,Apr,Jul,Oct",732.0
192,d,c,2770.0,3.0,2008.0,1,40.0,2014.0,"Jan,Apr,Jul,Oct",573.0
193,a,a,520.0,7.0,2008.0,0,23.0,2011.0,"Jan,Apr,Jul,Oct",818.0
194,d,c,16970.0,7.0,2008.0,1,5.0,2013.0,"Feb,May,Aug,Nov",436.0
195,a,c,220.0,7.0,2008.0,0,23.0,2011.0,"Jan,Apr,Jul,Oct",1323.0
196,c,a,3850.0,11.0,2005.0,1,14.0,2011.0,"Jan,Apr,Jul,Oct",716.0
197,c,a,4210.0,3.0,2015.0,0,23.0,2011.0,"Jan,Apr,Jul,Oct",863.0
198,a,a,290.0,9.0,2002.0,1,13.0,2010.0,"Jan,Apr,Jul,Oct",367.0
199,d,c,6360.0,12.0,2010.0,1,14.0,2012.0,"Mar,Jun,Sept,Dec",615.0
200,a,a,1650.0,10.0,2000.0,0,23.0,2011.0,"Jan,Apr,Jul,Oct",995.0
201,d,a,20260.0,7.0,2008.0,1,18.0,2014.0,"Mar,Jun,Sept,Dec",463.0
202,d,c,5140.0,5.0,2010.0,0,23.0,2011.0,"Jan,Apr,Jul,Oct",512.0
203,c,c,490.0,11.0,2002.0,0,23.0,2011.0,"Jan,Apr,Jul,Oct",884.0
204,a,a,5630.0,12.0,2002.0,1,40.0,2014.0,"Jan,Apr,Jul,Oct",548.0
205,a,a,110.0,12.0,2007.0,0,23.0,2011.0,"Jan,Apr,Jul,Oct",901.0
206,a,c,380.0,7.0,2008.0,1,14.0,2012.0,"Jan,Apr,Jul,Oct",792.0
207,a,a,6870.0,7.0,2008.0,0,23.0,2011.0,"Jan,Apr,Jul,Oct",1341.0
208,c,a,300.0,4.0,2006.0,0,23.0,2011.0,"Jan,Apr,Jul,Oct",436.0
209,a,c,11680.0,9.0,2011.0,1,31.0,2013.0,"Jan,Apr,Jul,Oct",605.0
210,d,a,970.0,11.0,1999.0,1,5.0,2013.0,"Feb,May,Aug,Nov",351.0
211,a,c,350.0,11.0,2006.0,0,23.0,2011.0,"Jan,Apr,Jul,Oct",1514.0
212,a,c,15050.0,9.0,2008.0,0,23.0,2011.0,"Jan,Apr,Jul,Oct",495.0
213,d,c,4030.0,3.0,2014.0,1,1.0,2014.0,"Jan,Apr,Jul,Oct",663.0
214,d,a,8650.0,7.0,2013.0,1,10.0,2014.0,"Jan,Apr,Jul,Oct",753.0
215,d,a,150.0,7.0,2008.0,1,45.0,2009.0,"Feb,May,Aug,Nov",520.0
216,c,a,190.0,7.0,2008.0,1,45.0,2009.0,"Feb,May,Aug,Nov",899.0
217,c,a,3150.0,7.0,2008.0,0,23.0,2011.0,"Jan,Apr,Jul,Oct",656.0
218,a,c,640.0,7.0,2008.0,1,9.0,2011.0,"Mar,Jun,Sept,Dec",730.0
219,a,a,1640.0,2.0,2013.0,0,23.0,2011.0,"Jan,Apr,Jul,Oct",433.0
220,a,a,1000.0,9.0,2008.0,0,23.0,2011.0,"Jan,Apr,Jul,Oct",681.0
221,d,c,13530.0,9.0,2013.0,0,23.0,2011.0,"Jan,Apr,Jul,Oct",567.0
222,a,a,2170.0,11.0,2008.0,0,23.0,2011.0,"Jan,Apr,Jul,Oct",576.0
223,d,c,2920.0,10.0,1995.0,1,27.0,2011.0,"Jan,Apr,Jul,Oct",767.0
224,d,c,7930.0,7.0,2008.0,1,1.0,2013.0,"Jan,Apr,Jul,Oct",477.0
225,d,a,10180.0,5.0,2015.0,0,23.0,2011.0,"Jan,Apr,Jul,Oct",575.0
226,a,a,450.0,7.0,2008.0,0,23.0,2011.0,"Jan,Apr,Jul,Oct",735.0
227,a,a,2370.0,7.0,2008.0,0,23.0,2011.0,"Jan,Apr,Jul,Oct",572.0
228,d,c,10800.0,7.0,2008.0,1,18.0,2011.0,"Feb,May,Aug,Nov",612.0
229,d,c,17410.0,4.0,2007.0,1,14.0,2011.0,"Jan,Apr,Jul,Oct",752.0
230,d,c,6680.0,9.0,2013.0,0,23.0,2011.0,"Jan,Apr,Jul,Oct",955.0
231,d,c,3840.0,10.0,2008.0,1,39.0,2010.0,"Feb,May,Aug,Nov",418.0
232,c,c,13570.0,5.0,2010.0,1,10.0,2013.0,"Mar,Jun,Sept,Dec",317.0
233,a,a,1890.0,7.0,2008.0,0,23.0,2011.0,"Jan,Apr,Jul,Oct",1044.0
234,d,a,4370.0,7.0,2008.0,0,23.0,2011.0,"Jan,Apr,Jul,Oct",1027.0
235,a,a,5710.0,3.0,2012.0,1,37.0,2009.0,"Jan,Apr,Jul,Oct",541.0
236,a,a,1000.0,11.0,2007.0,0,23.0,2011.0,"Jan,Apr,Jul,Oct",878.0
237,a,a,1420.0,11.0,2007.0,0,23.0,2011.0,"Jan,Apr,Jul,Oct",587.0
238,a,a,320.0,7.0,2008.0,1,45.0,2009.0,"Feb,May,Aug,Nov",1120.0
239,d,c,610.0,7.0,2008.0,0,23.0,2011.0,"Jan,Apr,Jul,Oct",494.0
240,a,a,1110.0,5.0,2009.0,0,23.0,2011.0,"Jan,Apr,Jul,Oct",480.0
241,d,c,780.0,7.0,2008.0,0,23.0,2011.0,"Jan,Apr,Jul,Oct",703.0
242,d,a,6880.0,9.0,2001.0,1,14.0,2011.0,"Jan,Apr,Jul,Oct",396.0
243,a,a,310.0,7.0,2008.0,1,5.0,2013.0,"Feb,May,Aug,Nov",995.0
244,d,a,710.0,3.0,2012.0,1,1.0,2012.0,"Jan,Apr,Jul,Oct",562.0
245,a,c,1310.0,7.0,2008.0,0,23.0,2011.0,"Jan,Apr,Jul,Oct",1014.0
246,c,a,4660.0,4.0,2013.0,0,23.0,2011.0,"Jan,Apr,Jul,Oct",958.0
247,d,c,70.0,11.0,2010.0,1,5.0,2013.0,"Feb,May,Aug,Nov",716.0
248,a,c,340.0,9.0,2012.0,1,40.0,2012.0,"Jan,Apr,Jul,Oct",1158.0
249,d,c,18010.0,9.0,2014.0,0,23.0,2011.0,"Jan,Apr,Jul,Oct",548.0
250,d,a,3520.0,7.0,2008.0,1,18.0,2012.0,"Feb,May,Aug,Nov",667.0
251,a,c,340.0,7.0,2008.0,0,23.0,2011.0,"Jan,Apr,Jul,Oct",2477.0
252,d,c,22330.0,7.0,2008.0,1,5.0,2010.0,"Feb,May,Aug,Nov",857.0
253,a,c,250.0,7.0,2008.0,1,5.0,2013.0,"Feb,May,Aug,Nov",720.0
254,d,a,330.0,3.0,2008.0,1,1.0,2012.0,"Mar,Jun,Sept,Dec",283.0
255,c,c,4630.0,3.0,2011.0,1,35.0,2011.0,"Feb,May,Aug,Nov",660.0
256,a,c,80.0,9.0,2005.0,1,10.0,2014.0,"Mar,Jun,Sept,Dec",1324.0
257,a,a,420.0,12.0,2012.0,0,23.0,2011.0,"Jan,Apr,Jul,Oct",677.0
258,a,a,27190.0,7.0,2010.0,1,37.0,2009.0,"Jan,Apr,Jul,Oct",525.0
259,b,b,210.0,7.0,2008.0,0,23.0,2011.0,"Jan,Apr,Jul,Oct",2311.0
260,a,a,540.0,10.0,2011.0,0,23.0,2011.0,"Jan,Apr,Jul,Oct",937.0
261,d,c,15340.0,4.0,2015.0,1,39.0,2009.0,"Jan,Apr,Jul,Oct",971.0
262,b,a,1180.0,5.0,2013.0,0,23.0,2011.0,"Jan,Apr,Jul,Oct",3472.0
263,a,c,1140.0,5.0,2013.0,1,40.0,2014.0,"Jan,Apr,Jul,Oct",365.0
264,a,a,180.0,3.0,2014.0,0,23.0,2011.0,"Jan,Apr,Jul,Oct",1021.0
265,a,a,4580.0,7.0,2008.0,1,14.0,2015.0,"Jan,Apr,Jul,Oct",525.0
266,a,c,360.0,3.0,2014.0,1,9.0,2011.0,"Mar,Jun,Sept,Dec",559.0
267,c,a,2460.0,1.0,2012.0,0,23.0,2011.0,"Jan,Apr,Jul,Oct",1146.0
268,a,a,4520.0,2.0,2014.0,0,23.0,2011.0,"Jan,Apr,Jul,Oct",613.0
269,a,c,60.0,6.0,2015.0,0,23.0,2011.0,"Jan,Apr,Jul,Oct",1265.0
270,a,a,1450.0,7.0,2014.0,0,23.0,2011.0,"Jan,Apr,Jul,Oct",1197.0
271,a,a,420.0,7.0,2008.0,1,14.0,2011.0,"Jan,Apr,Jul,Oct",826.0
272,a,a,16180.0,7.0,2003.0,1,14.0,2011.0,"Jan,Apr,Jul,Oct",663.0
273,a,c,8480.0,7.0,2008.0,0,23.0,2011.0,"Jan,Apr,Jul,Oct",705.0
274,b,b,3640.0,7.0,2008.0,1,10.0,2013.0,"Jan,Apr,Jul,Oct",979.0
275,d,a,300.0,5.0,2014.0,1,40.0,2014.0,"Jan,Apr,Jul,Oct",793.0
276,a,a,2960.0,10.0,2014.0,1,36.0,2013.0,"Mar,Jun,Sept,Dec",561.0
277,d,c,7840.0,7.0,2008.0,1,31.0,2009.0,"Feb,May,Aug,Nov",558.0
278,a,c,9260.0,2.0,2010.0,0,23.0,2011.0,"Jan,Apr,Jul,Oct",816.0
279,d,c,2320.0,7.0,2008.0,1,40.0,2012.0,"Jan,Apr,Jul,Oct",662.0
280,d,c,18640.0,9.0,2013.0,1,10.0,2014.0,"Mar,Jun,Sept,Dec",545.0
281,d,c,6970.0,9.0,2011.0,0,23.0,2011.0,"Jan,Apr,Jul,Oct",576.0
282,a,a,1220.0,12.0,2010.0,0,23.0,2011.0,"Jan,Apr,Jul,Oct",667.0
283,a,a,2260.0,7.0,2008.0,1,40.0,2014.0,"Jan,Apr,Jul,Oct",737.0
284,d,a,1290.0,7.0,2008.0,1,40.0,2014.0,"Jan,Apr,Jul,Oct",472.0
285,a,a,2410.0,7.0,2008.0,0,23.0,2011.0,"Jan,Apr,Jul,Oct",479.0
286,a,a,1460.0,4.0,2015.0,0,23.0,2011.0,"Jan,Apr,Jul,Oct",462.0
287,c,a,2740.0,5.0,2009.0,1,40.0,2014.0,"Jan,Apr,Jul,Oct",840.0
288,d,a,800.0,7.0,2008.0,1,14.0,2011.0,"Mar,Jun,Sept,Dec",439.0
289,d,a,6540.0,12.0,2007.0,0,23.0,2011.0,"Jan,Apr,Jul,Oct",587.0
290,a,a,4150.0,5.0,2001.0,0,23.0,2011.0,"Jan,Apr,Jul,Oct",719.0
291,d,a,5404.0,7.0,2008.0,0,23.0,2011.0,"Jan,Apr,Jul,Oct",876.0
292,a,a,1100.0,6.0,2009.0,0,23.0,2011.0,"Jan,Apr,Jul,Oct",716.0
293,c,c,140.0,11.0,2007.0,0,23.0,2011.0,"Jan,Apr,Jul,Oct",843.0
294,a,a,3150.0,5.0,2005.0,0,23.0,2011.0,"Jan,Apr,Jul,Oct",790.0
295,a,a,210.0,11.0,2000.0,1,36.0,2013.0,"Mar,Jun,Sept,Dec",672.0
296,a,a,9580.0,5.0,2007.0,1,45.0,2014.0,"Feb,May,Aug,Nov",787.0
297,a,a,2300.0,9.0,2010.0,0,23.0,2011.0,"Jan,Apr,Jul,Oct",753.0
298,d,a,19840.0,7.0,2009.0,0,23.0,2011.0,"Jan,Apr,Jul,Oct",725.0
299,d,c,38630.0,9.0,2012.0,0,23.0,2011.0,"Jan,Apr,Jul,Oct",694.0
300,a,c,120.0,4.0,2009.0,1,1.0,2012.0,"Jan,Apr,Jul,Oct",886.0
301,a,c,4510.0,3.0,2015.0,0,23.0,2011.0,"Jan,Apr,Jul,Oct",613.0
302,d,c,2190.0,12.0,2007.0,1,9.0,2011.0,"Mar,Jun,Sept,Dec",329.0
303,a,a,15430.0,11.0,2012.0,1,18.0,2011.0,"Feb,May,Aug,Nov",699.0
304,a,a,1950.0,7.0,2015.0,0,23.0,2011.0,"Jan,Apr,Jul,Oct",1102.0
305,c,c,2470.0,2.0,2005.0,1,31.0,2013.0,"Mar,Jun,Sept,Dec",486.0
306,a,a,5100.0,4.0,2007.0,1,40.0,2014.0,"Jan,Apr,Jul,Oct",499.0
307,a,a,18660.0,9.0,2002.0,0,23.0,2011.0,"Jan,Apr,Jul,Oct",325.0
308,a,a,1070.0,12.0,2006.0,1,13.0,2010.0,"Jan,Apr,Jul,Oct",982.0
309,d,a,8740.0,7.0,2008.0,1,37.0,2009.0,"Feb,May,Aug,Nov",619.0
310,a,c,2290.0,7.0,2008.0,1,10.0,2014.0,"Mar,Jun,Sept,Dec",703.0
311,a,c,680.0,7.0,2005.0,0,23.0,2011.0,"Jan,Apr,Jul,Oct",800.0
312,d,a,11300.0,3.0,2012.0,0,23.0,2011.0,"Jan,Apr,Jul,Oct",567.0
313,d,c,14160.0,7.0,2008.0,0,23.0,2011.0,"Jan,Apr,Jul,Oct",746.0
314,a,a,3560.0,10.0,2001.0,1,31.0,2013.0,"Feb,May,Aug,Nov",603.0
315,a,c,38710.0,4.0,2013.0,0,23.0,2011.0,"Jan,Apr,Jul,Oct",471.0
316,d,a,9000.0,8.0,2001.0,0,23.0,2011.0,"Jan,Apr,Jul,Oct",930.0
317,d,a,3140.0,7.0,2013.0,1,14.0,2011.0,"Jan,Apr,Jul,Oct",609.0
318,d,c,32330.0,3.0,2014.0,0,23.0,2011.0,"Jan,Apr,Jul,Oct",676.0
319,a,c,570.0,9.0,2012.0,1,27.0,2012.0,"Mar,Jun,Sept,Dec",885.0
320,a,c,210.0,9.0,2012.0,0,23.0,2011.0,"Jan,Apr,Jul,Oct",2091.0
321,c,c,8140.0,11.0,2013.0,1,10.0,2014.0,"Mar,Jun,Sept,Dec",611.0
322,a,a,17500.0,4.0,2001.0,1,37.0,2009.0,"Jan,Apr,Jul,Oct",570.0
323,d,c,8400.0,4.0,2012.0,1,5.0,2013.0,"Feb,May,Aug,Nov",641.0
324,a,a,13140.0,7.0,2008.0,1,14.0,2011.0,"Jan,Apr,Jul,Oct",757.0
325,a,c,350.0,3.0,2011.0,1,22.0,2011.0,"Feb,May,Aug,Nov",705.0
326,d,a,10070.0,5.0,2015.0,1,31.0,2013.0,"Feb,May,Aug,Nov",429.0
327,c,c,1390.0,12.0,2004.0,0,23.0,2011.0,"Jan,Apr,Jul,Oct",945.0
328,a,a,3130.0,7.0,2002.0,0,23.0,2011.0,"Jan,Apr,Jul,Oct",545.0
329,a,a,1310.0,6.0,1990.0,1,22.0,2012.0,"Mar,Jun,Sept,Dec",653.0
330,a,c,370.0,7.0,2008.0,1,22.0,2012.0,"Mar,Jun,Sept,Dec",467.0
331,a,c,670.0,7.0,2008.0,1,14.0,2015.0,"Jan,Apr,Jul,Oct",898.0
332,a,a,1840.0,3.0,2006.0,0,23.0,2011.0,"Jan,Apr,Jul,Oct",523.0
333,a,c,3720.0,2.0,2010.0,0,23.0,2011.0,"Jan,Apr,Jul,Oct",1272.0
334,d,c,4040.0,8.0,2008.0,1,18.0,2013.0,"Mar,Jun,Sept,Dec",588.0
335,b,a,90.0,7.0,2008.0,1,31.0,2013.0,"Jan,Apr,Jul,Oct",2420.0
336,a,a,190.0,7.0,2014.0,0,23.0,2011.0,"Jan,Apr,Jul,Oct",1996.0
337,d,c,10600.0,7.0,2005.0,1,45.0,2014.0,"Feb,May,Aug,Nov",403.0
338,a,c,1590.0,7.0,2008.0,1,37.0,2009.0,"Jan,Apr,Jul,Oct",673.0
339,a,c,2280.0,7.0,2008.0,1,10.0,2013.0,"Mar,Jun,Sept,Dec",686.0
340,a,c,8080.0,7.0,2008.0,0,23.0,2011.0,"Jan,Apr,Jul,Oct",742.0
341,a,a,190.0,9.0,2011.0,0,23.0,2011.0,"Jan,Apr,Jul,Oct",748.0
342,d,c,15770.0,7.0,2008.0,1,40.0,2014.0,"Jan,Apr,Jul,Oct",869.0
343,d,a,18650.0,4.0,2004.0,1,14.0,2014.0,"Jan,Apr,Jul,Oct",716.0
344,a,c,300.0,4.0,2011.0,1,14.0,2011.0,"Jan,Apr,Jul,Oct",1144.0
345,a,a,120.0,7.0,2008.0,1,22.0,2012.0,"Jan,Apr,Jul,Oct",521.0
346,a,c,8090.0,7.0,2008.0,0,23.0,2011.0,"Jan,Apr,Jul,Oct",628.0
347,d,c,9360.0,7.0,2013.0,1,22.0,2012.0,"Mar,Jun,Sept,Dec",382.0
348,a,a,16490.0,7.0,2008.0,1,22.0,2012.0,"Jan,Apr,Jul,Oct",765.0
349,c,c,1490.0,4.0,2009.0,0,23.0,2011.0,"Jan,Apr,Jul,Oct",823.0
350,d,a,8880.0,7.0,2008.0,1,14.0,2011.0,"Jan,Apr,Jul,Oct",554.0
351,a,a,5290.0,11.0,2012.0,1,5.0,2013.0,"Feb,May,Aug,Nov",540.0
352,d,c,6360.0,7.0,2008.0,1,40.0,2012.0,"Mar,Jun,Sept,Dec",667.0
353,b,b,900.0,7.0,2008.0,1,14.0,2013.0,"Feb,May,Aug,Nov",1400.0
354,d,c,1500.0,10.0,2005.0,0,23.0,2011.0,"Jan,Apr,Jul,Oct",720.0
355,a,c,9720.0,8.0,2013.0,0,23.0,2011.0,"Jan,Apr,Jul,Oct",1120.0
356,d,c,8970.0,12.0,2007.0,1,22.0,2012.0,"Feb,May,Aug,Nov",446.0
357,a,a,2060.0,10.0,2008.0,0,23.0,2011.0,"Jan,Apr,Jul,Oct",1042.0
358,a,a,2890.0,10.0,2003.0,0,23.0,2011.0,"Jan,Apr,Jul,Oct",1144.0
359,d,c,4370.0,7.0,2008.0,0,23.0,2011.0,"Jan,Apr,Jul,Oct",633.0
360,a,a,2040.0,6.0,2007.0,0,23.0,2011.0,"Jan,Apr,Jul,Oct",788.0
361,c,c,4490.0,5.0,2014.0,1,5.0,2013.0,"Feb,May,Aug,Nov",672.0
362,c,c,340.0,7.0,2008.0,0,23.0,2011.0,"Jan,Apr,Jul,Oct",1137.0
363,a,a,250.0,9.0,2009.0,0,23.0,2011.0,"Jan,Apr,Jul,Oct",960.0
364,a,c,13620.0,7.0,2008.0,1,10.0,2014.0,"Mar,Jun,Sept,Dec",574.0
365,c,a,2410.0,7.0,2008.0,1,45.0,2009.0,"Feb,May,Aug,Nov",612.0
366,d,c,6470.0,12.0,2004.0,0,23.0,2011.0,"Jan,Apr,Jul,Oct",628.0
367,d,c,2640.0,9.0,2012.0,0,23.0,2011.0,"Jan,Apr,Jul,Oct",555.0
368,d,c,1450.0,4.0,2005.0,1,45.0,2009.0,"Feb,May,Aug,Nov",735.0
369,d,c,5870.0,4.0,2014.0,0,23.0,2011.0,"Jan,Apr,Jul,Oct",611.0
370,d,a,8250.0,10.0,2000.0,1,31.0,2009.0,"Jan,Apr,Jul,Oct",664.0
371,d,c,1970.0,7.0,2009.0,1,45.0,2014.0,"Feb,May,Aug,Nov",566.0
372,d,c,4880.0,8.0,2010.0,1,18.0,2014.0,"Jan,Apr,Jul,Oct",777.0
373,d,c,11120.0,7.0,2008.0,1,22.0,2012.0,"Jan,Apr,Jul,Oct",337.0
374,a,a,1150.0,9.0,2007.0,0,23.0,2011.0,"Jan,Apr,Jul,Oct",847.0
375,a,c,15710.0,2.0,2013.0,1,37.0,2009.0,"Jan,Apr,Jul,Oct",765.0
376,a,a,160.0,8.0,2012.0,0,23.0,2011.0,"Jan,Apr,Jul,Oct",991.0
377,a,c,100.0,6.0,2010.0,1,18.0,2010.0,"Feb,May,Aug,Nov",972.0
378,a,c,2140.0,8.0,2012.0,0,23.0,2011.0,"Jan,Apr,Jul,Oct",947.0
379,d,a,6630.0,7.0,2008.0,0,23.0,2011.0,"Jan,Apr,Jul,Oct",490.0
380,a,a,2240.0,5.0,2013.0,1,10.0,2014.0,"Mar,Jun,Sept,Dec",1444.0
381,a,a,1800.0,11.0,2006.0,1,5.0,2013.0,"Feb,May,Aug,Nov",990.0
382,c,c,26130.0,11.0,2002.0,0,23.0,2011.0,"Jan,Apr,Jul,Oct",675.0
383,a,c,350.0,7.0,2008.0,0,23.0,2011.0,"Jan,Apr,Jul,Oct",2318.0
384,a,c,130.0,7.0,2008.0,1,14.0,2011.0,"Jan,Apr,Jul,Oct",993.0
385,d,a,4580.0,9.0,2007.0,0,23.0,2011.0,"Jan,Apr,Jul,Oct",688.0
386,d,c,1460.0,4.0,2014.0,1,31.0,2013.0,"Jan,Apr,Jul,Oct",704.0
387,c,a,210.0,7.0,2008.0,1,36.0,2013.0,"Mar,Jun,Sept,Dec",1257.0
388,a,a,2260.0,7.0,2008.0,0,23.0,2011.0,"Jan,Apr,Jul,Oct",1105.0
389,a,c,6690.0,8.0,2011.0,0,23.0,2011.0,"Jan,Apr,Jul,Oct",1272.0
390,a,c,1600.0,4.0,2009.0,0,23.0,2011.0,"Jan,Apr,Jul,Oct",1091.0
391,a,a,460.0,11.0,2014.0,1,31.0,2013.0,"Feb,May,Aug,Nov",719.0
392,a,a,2120.0,7.0,2008.0,0,23.0,2011.0,"Jan,Apr,Jul,Oct",733.0
393,d,c,4820.0,3.0,2008.0,0,23.0,2011.0,"Jan,Apr,Jul,Oct",615.0
394,d,a,10850.0,7.0,2008.0,0,23.0,2011.0,"Jan,Apr,Jul,Oct",664.0
395,a,a,3620.0,2.0,2013.0,0,23.0,2011.0,"Jan,Apr,Jul,Oct",544.0
396,a,c,23130.0,7.0,2008.0,0,23.0,2011.0,"Jan,Apr,Jul,Oct",1089.0
397,a,c,130.0,7.0,2008.0,1,27.0,2013.0,"Feb,May,Aug,Nov",758.0
398,c,c,1540.0,7.0,2008.0,1,1.0,2012.0,"Jan,Apr,Jul,Oct",630.0
399,a,a,5360.0,9.0,2012.0,1,40.0,2011.0,"Jan,Apr,Jul,Oct",574.0
400,a,a,70.0,11.0,2004.0,1,14.0,2011.0,"Jan,Apr,Jul,Oct",1212.0
401,a,c,9200.0,10.0,2009.0,1,14.0,2012.0,"Jan,Apr,Jul,Oct",663.0
402,c,c,5830.0,9.0,2011.0,1,13.0,2010.0,"Jan,Apr,Jul,Oct",634.0
403,a,a,4970.0,7.0,2015.0,0,23.0,2011.0,"Jan,Apr,Jul,Oct",759.0
404,a,c,1420.0,7.0,2008.0,1,10.0,2013.0,"Mar,Jun,Sept,Dec",587.0
405,a,a,1080.0,4.0,2008.0,1,14.0,2011.0,"Jan,Apr,Jul,Oct",507.0
406,d,c,8240.0,3.0,2001.0,1,10.0,2013.0,"Feb,May,Aug,Nov",460.0
407,a,a,5890.0,10.0,2003.0,1,14.0,2011.0,"Feb,May,Aug,Nov",333.0
408,c,a,1560.0,7.0,2008.0,1,45.0,2009.0,"Feb,May,Aug,Nov",488.0
409,d,c,840.0,7.0,2008.0,1,1.0,2013.0,"Jan,Apr,Jul,Oct",550.0
410,c,a,40.0,11.0,2011.0,1,22.0,2012.0,"Mar,Jun,Sept,Dec",828.0
411,d,c,8460.0,7.0,2008.0,0,23.0,2011.0,"Jan,Apr,Jul,Oct",717.0
412,d,c,4460.0,7.0,2008.0,1,39.0,2010.0,"Jan,Apr,Jul,Oct",657.0
413,a,c,760.0,9.0,2014.0,0,23.0,2011.0,"Jan,Apr,Jul,Oct",915.0
414,d,c,6210.0,7.0,2008.0,1,1.0,2013.0,"Jan,Apr,Jul,Oct",499.0
415,d,c,6910.0,4.0,2005.0,0,23.0,2011.0,"Jan,Apr,Jul,Oct",535.0
416,a,c,4650.0,6.0,2014.0,0,23.0,2011.0,"Jan,Apr,Jul,Oct",1414.0
417,a,c,840.0,7.0,2008.0,1,10.0,2014.0,"Jan,Apr,Jul,Oct",853.0
418,a,a,1060.0,5.0,2009.0,1,27.0,2011.0,"Feb,May,Aug,Nov",558.0
419,c,a,1620.0,9.0,2009.0,0,23.0,2011.0,"Jan,Apr,Jul,Oct",878.0
420,d,c,250.0,7.0,2008.0,1,27.0,2012.0,"Jan,Apr,Jul,Oct",401.0
421,c,c,3530.0,6.0,2012.0,1,35.0,2012.0,"Mar,Jun,Sept,Dec",1057.0
422,a,c,2880.0,7.0,2008.0,0,23.0,2011.0,"Jan,Apr,Jul,Oct",488.0
423,b,a,1270.0,5.0,2014.0,0,23.0,2011.0,"Jan,Apr,Jul,Oct",1952.0
424,d,c,1250.0,7.0,2008.0,1,40.0,2011.0,"Jan,Apr,Jul,Oct",757.0
425,d,c,1460.0,7.0,2008.0,0,23.0,2011.0,"Jan,Apr,Jul,Oct",440.0
426,a,a,250.0,7.0,2008.0,0,23.0,2011.0,"Jan,Apr,Jul,Oct",657.0
427,a,c,70.0,7.0,2005.0,1,13.0,2010.0,"Jan,Apr,Jul,Oct",790.0
428,d,a,2960.0,12.0,2014.0,1,23.0,2015.0,"Mar,Jun,Sept,Dec",552.0
429,d,c,16350.0,7.0,2005.0,1,31.0,2013.0,"Jan,Apr,Jul,Oct",456.0
430,d,c,12870.0,10.0,2008.0,0,23.0,2011.0,"Jan,Apr,Jul,Oct",720.0
431,d,c,4520.0,7.0,2008.0,0,23.0,2011.0,"Jan,Apr,Jul,Oct",1020.0
432,a,a,810.0,5.0,2013.0,0,23.0,2011.0,"Jan,Apr,Jul,Oct",1587.0
433,a,c,30030.0,11.0,2010.0,0,23.0,2011.0,"Jan,Apr,Jul,Oct",637.0
434,a,a,13020.0,8.0,2003.0,1,40.0,2014.0,"Jan,Apr,Jul,Oct",767.0
435,a,a,910.0,7.0,2008.0,0,23.0,2011.0,"Jan,Apr,Jul,Oct",417.0
436,d,a,2300.0,7.0,2008.0,0,23.0,2011.0,"Jan,Apr,Jul,Oct",642.0
437,c,c,430.0,7.0,2008.0,1,50.0,2010.0,"Jan,Apr,Jul,Oct",756.0
438,d,c,1110.0,7.0,2008.0,1,40.0,2012.0,"Jan,Apr,Jul,Oct",526.0
439,a,a,1350.0,9.0,2009.0,0,23.0,2011.0,"Jan,Apr,Jul,Oct",919.0
440,d,a,3900.0,4.0,2005.0,1,45.0,2009.0,"Feb,May,Aug,Nov",602.0
441,d,a,2530.0,7.0,2008.0,0,23.0,2011.0,"Jan,Apr,Jul,Oct",693.0
442,c,a,500.0,7.0,2008.0,1,45.0,2009.0,"Feb,May,Aug,Nov",473.0
443,d,a,11400.0,12.0,2005.0,0,23.0,2011.0,"Jan,Apr,Jul,Oct",512.0
444,c,a,1700.0,11.0,2009.0,0,23.0,2011.0,"Jan,Apr,Jul,Oct",1446.0
445,a,a,240.0,7.0,2008.0,0,23.0,2011.0,"Jan,Apr,Jul,Oct",1391.0
446,a,a,340.0,10.0,2000.0,1,31.0,2013.0,"Feb,May,Aug,Nov",680.0
447,a,c,1510.0,9.0,2013.0,0,23.0,2011.0,"Jan,Apr,Jul,Oct",639.0
448,a,c,3970.0,9.0,2009.0,0,23.0,2011.0,"Jan,Apr,Jul,Oct",771.0
449,a,c,120.0,12.0,2014.0,1,37.0,2009.0,"Jan,Apr,Jul,Oct",1600.0
450,c,a,5780.0,11.0,1994.0,1,10.0,2014.0,"Mar,Jun,Sept,Dec",1112.0
451,a,a,2460.0,4.0,2009.0,1,13.0,2010.0,"Jan,Apr,Jul,Oct",478.0
452,a,c,1850.0,8.0,2013.0,1,5.0,2011.0,"Feb,May,Aug,Nov",530.0
453,a,c,75860.0,7.0,2008.0,0,23.0,2011.0,"Jan,Apr,Jul,Oct",926.0
454,a,a,26450.0,7.0,2008.0,0,23.0,2011.0,"Jan,Apr,Jul,Oct",734.0
455,d,c,7660.0,9.0,2010.0,0,23.0,2011.0,"Jan,Apr,Jul,Oct",469.0
456,a,c,140.0,7.0,2008.0,0,23.0,2011.0,"Jan,Apr,Jul,Oct",920.0
457,d,c,13140.0,7.0,2008.0,1,31.0,2013.0,"Jan,Apr,Jul,Oct",442.0
458,c,a,3390.0,7.0,2008.0,0,23.0,2011.0,"Jan,Apr,Jul,Oct",721.0
459,a,a,250.0,9.0,2008.0,1,5.0,2013.0,"Feb,May,Aug,Nov",1122.0
460,a,a,34050.0,4.0,2008.0,0,23.0,2011.0,"Jan,Apr,Jul,Oct",373.0
461,d,c,1790.0,7.0,2013.0,1,40.0,2013.0,"Jan,Apr,Jul,Oct",508.0
462,a,a,44320.0,8.0,2008.0,0,23.0,2011.0,"Jan,Apr,Jul,Oct",656.0
463,a,a,4160.0,7.0,2008.0,0,23.0,2011.0,"Jan,Apr,Jul,Oct",982.0
464,c,a,520.0,3.0,2009.0,0,23.0,2011.0,"Jan,Apr,Jul,Oct",1349.0
465,d,c,10890.0,4.0,2005.0,0,23.0,2011.0,"Jan,Apr,Jul,Oct",620.0
466,a,c,3110.0,3.0,2003.0,0,23.0,2011.0,"Jan,Apr,Jul,Oct",779.0
467,a,c,20390.0,4.0,2008.0,0,23.0,2011.0,"Jan,Apr,Jul,Oct",1685.0
468,c,c,5260.0,9.0,2012.0,0,23.0,2011.0,"Jan,Apr,Jul,Oct",825.0
469,c,c,710.0,9.0,2005.0,0,23.0,2011.0,"Jan,Apr,Jul,Oct",1545.0
470,a,c,50.0,7.0,2008.0,0,23.0,2011.0,"Jan,Apr,Jul,Oct",1785.0
471,d,a,5300.0,7.0,2008.0,1,45.0,2009.0,"Feb,May,Aug,Nov",614.0
472,c,c,5030.0,8.0,2011.0,0,23.0,2011.0,"Jan,Apr,Jul,Oct",735.0
473,a,a,50.0,7.0,2008.0,0,23.0,2011.0,"Jan,Apr,Jul,Oct",514.0
474,c,a,14810.0,7.0,2008.0,1,14.0,2011.0,"Mar,Jun,Sept,Dec",757.0
475,a,a,140.0,9.0,2005.0,0,23.0,2011.0,"Jan,Apr,Jul,Oct",1029.0
476,d,a,8300.0,9.0,2006.0,0,23.0,2011.0,"Jan,Apr,Jul,Oct",677.0
477,d,a,770.0,7.0,2010.0,1,35.0,2010.0,"Jan,Apr,Jul,Oct",476.0
478,d,c,1940.0,3.0,2012.0,0,23.0,2011.0,"Jan,Apr,Jul,Oct",730.0
479,a,a,320.0,12.0,2005.0,1,9.0,2011.0,"Feb,May,Aug,Nov",1340.0
480,a,a,300.0,11.0,2012.0,0,23.0,2011.0,"Jan,Apr,Jul,Oct",648.0
481,c,c,7470.0,7.0,2008.0,1,44.0,2012.0,"Feb,May,Aug,Nov",475.0
482,c,a,2550.0,10.0,2005.0,0,23.0,2011.0,"Jan,Apr,Jul,Oct",943.0
483,a,c,2310.0,9.0,2011.0,1,13.0,2010.0,"Jan,Apr,Jul,Oct",688.0
484,a,c,14300.0,3.0,2011.0,0,23.0,2011.0,"Jan,Apr,Jul,Oct",760.0
485,d,c,3270.0,7.0,2008.0,1,22.0,2012.0,"Jan,Apr,Jul,Oct",436.0
486,a,a,2320.0,7.0,2008.0,1,31.0,2013.0,"Jan,Apr,Jul,Oct",542.0
487,d,c,2180.0,9.0,2012.0,1,40.0,2012.0,"Jan,Apr,Jul,Oct",685.0
488,a,c,2890.0,4.0,2014.0,0,23.0,2011.0,"Jan,Apr,Jul,Oct",417.0
489,a,a,14960.0,11.0,2013.0,1,37.0,2009.0,"Jan,Apr,Jul,Oct",667.0
490,a,a,660.0,4.0,2013.0,1,40.0,2014.0,"Jan,Apr,Jul,Oct",1094.0
491,d,c,4680.0,7.0,2008.0,1,22.0,2012.0,"Mar,Jun,Sept,Dec",542.0
492,a,a,1740.0,3.0,2008.0,1,40.0,2012.0,"Jan,Apr,Jul,Oct",1173.0
493,d,c,1150.0,7.0,2008.0,1,14.0,2011.0,"Jan,Apr,Jul,Oct",811.0
494,b,a,1260.0,6.0,2011.0,0,23.0,2011.0,"Jan,Apr,Jul,Oct",1097.0
495,d,a,5470.0,7.0,2008.0,1,37.0,2009.0,"Jan,Apr,Jul,Oct",410.0
496,d,c,2780.0,6.0,2015.0,0,23.0,2011.0,"Jan,Apr,Jul,Oct",847.0
497,a,c,1610.0,7.0,2008.0,0,23.0,2011.0,"Jan,Apr,Jul,Oct",1137.0
498,a,a,990.0,7.0,2008.0,1,40.0,2014.0,"Jan,Apr,Jul,Oct",902.0
499,c,c,450.0,7.0,2008.0,1,5.0,2013.0,"Feb,May,Aug,Nov",730.0
500,d,c,10690.0,9.0,2007.0,1,5.0,2013.0,"Jan,Apr,Jul,Oct",400.0
501,a,c,1620.0,9.0,2006.0,0,23.0,2011.0,"Jan,Apr,Jul,Oct",627.0
502,a,a,220.0,2.0,2002.0,1,37.0,2009.0,"Jan,Apr,Jul,Oct",1592.0
503,d,c,13080.0,9.0,2006.0,1,14.0,2011.0,"Jan,Apr,Jul,Oct",487.0
504,c,c,820.0,7.0,2008.0,0,23.0,2011.0,"Jan,Apr,Jul,Oct",963.0
505,a,a,350.0,7.0,2008.0,1,5.0,2013.0,"Feb,May,Aug,Nov",618.0
506,a,a,1850.0,12.0,2014.0,1,18.0,2011.0,"Feb,May,Aug,Nov",882.0
507,a,c,9070.0,4.0,2011.0,1,37.0,2009.0,"Jan,Apr,Jul,Oct",691.0
508,a,c,1280.0,7.0,2008.0,1,40.0,2011.0,"Jan,Apr,Jul,Oct",653.0
509,a,a,4740.0,7.0,2008.0,1,37.0,2009.0,"Jan,Apr,Jul,Oct",543.0
510,a,c,8260.0,7.0,2008.0,0,23.0,2011.0,"Jan,Apr,Jul,Oct",885.0
511,a,a,2060.0,9.0,2009.0,0,23.0,2011.0,"Jan,Apr,Jul,Oct",829.0
512,b,b,590.0,7.0,2008.0,1,5.0,2013.0,"Mar,Jun,Sept,Dec",1264.0
513,a,a,400.0,8.0,2013.0,0,23.0,2011.0,"Jan,Apr,Jul,Oct",2164.0
514,c,c,1200.0,7.0,2012.0,1,27.0,2012.0,"Jan,Apr,Jul,Oct",624.0
515,d,c,11260.0,7.0,2008.0,1,9.0,2011.0,"Feb,May,Aug,Nov",744.0
516,a,c,20.0,7.0,2008.0,1,35.0,2010.0,"Mar,Jun,Sept,Dec",766.0
517,a,c,22490.0,7.0,2008.0,0,23.0,2011.0,"Jan,Apr,Jul,Oct",677.0
518,d,c,3330.0,3.0,2015.0,1,13.0,2010.0,"Jan,Apr,Jul,Oct",528.0
519,c,c,2510.0,8.0,2009.0,1,1.0,2012.0,"Jan,Apr,Jul,Oct",587.0
520,a,c,6900.0,7.0,2008.0,1,40.0,2012.0,"Mar,Jun,Sept,Dec",419.0
521,d,a,18610.0,11.0,2002.0,1,48.0,2011.0,"Mar,Jun,Sept,Dec",444.0
522,d,c,7160.0,11.0,2012.0,1,9.0,2011.0,"Jan,Apr,Jul,Oct",651.0
523,c,c,50.0,11.0,2013.0,0,23.0,2011.0,"Jan,Apr,Jul,Oct",1920.0
524,a,c,40860.0,9.0,2013.0,0,23.0,2011.0,"Jan,Apr,Jul,Oct",821.0
525,d,c,1870.0,9.0,2013.0,0,23.0,2011.0,"Jan,Apr,Jul,Oct",906.0
526,a,a,120.0,7.0,2008.0,1,48.0,2011.0,"Mar,Jun,Sept,Dec",1510.0
527,d,c,5830.0,4.0,2008.0,0,23.0,2011.0,"Jan,Apr,Jul,Oct",1015.0
528,a,c,20620.0,7.0,2008.0,1,37.0,2009.0,"Jan,Apr,Jul,Oct",980.0
529,d,c,12920.0,9.0,2012.0,0,23.0,2011.0,"Jan,Apr,Jul,Oct",782.0
530,a,c,18160.0,7.0,2008.0,0,23.0,2011.0,"Jan,Apr,Jul,Oct",748.0
531,a,c,4030.0,7.0,2008.0,0,23.0,2011.0,"Jan,Apr,Jul,Oct",611.0
532,a,c,1070.0,8.0,2010.0,0,23.0,2011.0,"Jan,Apr,Jul,Oct",1295.0
533,a,c,5950.0,7.0,2008.0,0,23.0,2011.0,"Jan,Apr,Jul,Oct",888.0
534,d,a,1200.0,9.0,2009.0,1,45.0,2009.0,"Jan,Apr,Jul,Oct",588.0
535,a,a,3570.0,4.0,2007.0,0,23.0,2011.0,"Jan,Apr,Jul,Oct",956.0
536,a,c,4700.0,9.0,2002.0,1,31.0,2013.0,"Feb,May,Aug,Nov",920.0
537,a,a,600.0,5.0,2002.0,1,1.0,2012.0,"Jan,Apr,Jul,Oct",605.0
538,a,a,990.0,2.0,2010.0,0,23.0,2011.0,"Jan,Apr,Jul,Oct",593.0
539,a,a,770.0,5.0,2013.0,1,40.0,2014.0,"Jan,Apr,Jul,Oct",1184.0
540,d,c,810.0,7.0,2008.0,1,48.0,2012.0,"Jan,Apr,Jul,Oct",388.0
541,a,c,650.0,7.0,1990.0,0,23.0,2011.0,"Jan,Apr,Jul,Oct",873.0
542,a,a,7280.0,9.0,2012.0,1,1.0,2013.0,"Jan,Apr,Jul,Oct",558.0
543,c,a,1080.0,12.0,2012.0,0,23.0,2011.0,"Jan,Apr,Jul,Oct",259.0
544,a,a,250.0,12.0,2001.0,1,13.0,2010.0,"Jan,Apr,Jul,Oct",1954.0
545,a,c,5020.0,5.0,2006.0,1,18.0,2014.0,"Feb,May,Aug,Nov",1044.0
546,a,a,580.0,1.0,2005.0,0,23.0,2011.0,"Jan,Apr,Jul,Oct",1624.0
547,d,c,8990.0,11.0,2009.0,1,35.0,2010.0,"Mar,Jun,Sept,Dec",450.0
548,d,c,3760.0,2.0,2009.0,0,23.0,2011.0,"Jan,Apr,Jul,Oct",406.0
549,a,c,2330.0,7.0,2008.0,0,23.0,2011.0,"Jan,Apr,Jul,Oct",564.0
550,d,c,50.0,6.0,2015.0,0,23.0,2011.0,"Jan,Apr,Jul,Oct",504.0
551,a,c,2190.0,9.0,2013.0,0,23.0,2011.0,"Jan,Apr,Jul,Oct",1001.0
552,a,a,4260.0,7.0,2008.0,1,37.0,2009.0,"Jan,Apr,Jul,Oct",711.0
553,c,a,3040.0,9.0,2002.0,1,13.0,2010.0,"Jan,Apr,Jul,Oct",637.0
554,c,c,1200.0,7.0,2008.0,0,23.0,2011.0,"Jan,Apr,Jul,Oct",532.0
555,d,a,1560.0,1.0,2014.0,1,10.0,2013.0,"Mar,Jun,Sept,Dec",520.0
556,d,c,1140.0,11.0,2014.0,0,23.0,2011.0,"Jan,Apr,Jul,Oct",836.0
557,a,a,250.0,7.0,2008.0,0,23.0,2011.0,"Jan,Apr,Jul,Oct",718.0
558,a,a,3000.0,2.0,2010.0,0,23.0,2011.0,"Jan,Apr,Jul,Oct",501.0
559,d,a,3910.0,11.0,2006.0,1,5.0,2013.0,"Feb,May,Aug,Nov",791.0
560,c,c,1910.0,7.0,2013.0,0,23.0,2011.0,"Jan,Apr,Jul,Oct",1672.0
561,d,a,14300.0,7.0,2008.0,0,23.0,2011.0,"Jan,Apr,Jul,Oct",716.0
562,b,c,1210.0,7.0,2008.0,0,23.0,2011.0,"Jan,Apr,Jul,Oct",3173.0
563,a,a,700.0,3.0,2015.0,1,10.0,2014.0,"Jan,Apr,Jul,Oct",756.0
564,d,c,6540.0,7.0,2008.0,1,14.0,2013.0,"Jan,Apr,Jul,Oct",492.0
565,a,c,160.0,7.0,2007.0,0,23.0,2011.0,"Jan,Apr,Jul,Oct",811.0
566,a,a,3620.0,7.0,2008.0,1,40.0,2013.0,"Jan,Apr,Jul,Oct",552.0
567,c,a,1010.0,9.0,2012.0,1,18.0,2011.0,"Feb,May,Aug,Nov",707.0
568,d,c,4270.0,7.0,2008.0,1,1.0,2013.0,"Jan,Apr,Jul,Oct",410.0
569,a,a,1340.0,9.0,2006.0,0,23.0,2011.0,"Jan,Apr,Jul,Oct",678.0
570,a,a,180.0,11.0,2006.0,0,23.0,2011.0,"Jan,Apr,Jul,Oct",719.0
571,d,a,2110.0,11.0,1995.0,1,40.0,2014.0,"Jan,Apr,Jul,Oct",589.0
572,d,c,9230.0,4.0,2004.0,1,37.0,2009.0,"Jan,Apr,Jul,Oct",587.0
573,a,a,1190.0,11.0,2012.0,1,36.0,2013.0,"Jan,Apr,Jul,Oct",361.0
574,d,a,4400.0,7.0,2008.0,0,23.0,2011.0,"Jan,Apr,Jul,Oct",700.0
575,a,a,960.0,5.0,2008.0,1,13.0,2010.0,"Jan,Apr,Jul,Oct",505.0
576,c,a,50.0,11.0,2006.0,0,23.0,2011.0,"Jan,Apr,Jul,Oct",970.0
577,a,c,2270.0,7.0,2008.0,1,35.0,2012.0,"Mar,Jun,Sept,Dec",632.0
578,d,a,12700.0,4.0,2013.0,0,23.0,2011.0,"Jan,Apr,Jul,Oct",779.0
579,c,a,20970.0,11.0,2012.0,0,23.0,2011.0,"Jan,Apr,Jul,Oct",947.0
580,a,c,170.0,2.0,2009.0,0,23.0,2011.0,"Jan,Apr,Jul,Oct",1711.0
581,a,a,7250.0,12.0,2013.0,0,23.0,2011.0,"Jan,Apr,Jul,Oct",610.0
582,a,a,120.0,7.0,2008.0,0,23.0,2011.0,"Jan,Apr,Jul,Oct",885.0
583,a,a,2640.0,11.0,2002.0,0,23.0,2011.0,"Jan,Apr,Jul,Oct",474.0
584,d,a,1360.0,7.0,2008.0,1,35.0,2010.0,"Mar,Jun,Sept,Dec",451.0
585,d,c,440.0,4.0,2014.0,0,23.0,2011.0,"Jan,Apr,Jul,Oct",964.0
586,a,c,250.0,10.0,2008.0,0,23.0,2011.0,"Jan,Apr,Jul,Oct",2319.0
587,d,c,330.0,9.0,2006.0,1,14.0,2011.0,"Jan,Apr,Jul,Oct",692.0
588,d,c,15720.0,3.0,2010.0,0,23.0,2011.0,"Jan,Apr,Jul,Oct",683.0
589,a,c,360.0,7.0,2008.0,1,18.0,2013.0,"Feb,May,Aug,Nov",492.0
590,d,c,4520.0,9.0,2010.0,1,31.0,2013.0,"Jan,Apr,Jul,Oct",405.0
591,a,c,3340.0,7.0,2008.0,1,22.0,2012.0,"Mar,Jun,Sept,Dec",522.0
592,a,a,2540.0,6.0,2005.0,0,23.0,2011.0,"Jan,Apr,Jul,Oct",598.0
593,a,c,33060.0,3.0,2010.0,0,23.0,2011.0,"Jan,Apr,Jul,Oct",1250.0
594,a,a,1790.0,10.0,2011.0,0,23.0,2011.0,"Jan,Apr,Jul,Oct",475.0
595,c,c,1130.0,6.0,2015.0,0,23.0,2011.0,"Jan,Apr,Jul,Oct",1784.0
596,c,a,290.0,9.0,2006.0,0,23.0,2011.0,"Jan,Apr,Jul,Oct",694.0
597,a,a,150.0,9.0,2008.0,1,1.0,2012.0,"Mar,Jun,Sept,Dec",736.0
598,c,a,550.0,12.0,2013.0,1,40.0,2014.0,"Jan,Apr,Jul,Oct",763.0
599,d,c,580.0,11.0,2014.0,0,23.0,2011.0,"Jan,Apr,Jul,Oct",905.0
600,d,c,17340.0,6.0,2010.0,1,9.0,2011.0,"Feb,May,Aug,Nov",628.0
601,d,a,8220.0,4.0,2014.0,1,14.0,2011.0,"Jan,Apr,Jul,Oct",419.0
602,a,a,2710.0,7.0,2001.0,1,22.0,2012.0,"Mar,Jun,Sept,Dec",648.0
603,a,a,340.0,4.0,2007.0,1,13.0,2010.0,"Jan,Apr,Jul,Oct",942.0
604,d,a,10950.0,3.0,2014.0,0,23.0,2011.0,"Jan,Apr,Jul,Oct",625.0
605,d,a,10310.0,4.0,2003.0,1,37.0,2009.0,"Jan,Apr,Jul,Oct",530.0
606,a,a,2260.0,11.0,2007.0,0,23.0,2011.0,"Jan,Apr,Jul,Oct",657.0
607,a,a,350.0,8.0,1999.0,1,14.0,2011.0,"Jan,Apr,Jul,Oct",432.0
608,a,c,18370.0,2.0,2013.0,1,14.0,2011.0,"Jan,Apr,Jul,Oct",956.0
609,a,a,2070.0,9.0,2007.0,0,23.0,2011.0,"Jan,Apr,Jul,Oct",516.0
610,a,a,660.0,1.0,2007.0,0,23.0,2011.0,"Jan,Apr,Jul,Oct",544.0
611,a,a,8080.0,12.0,2002.0,1,40.0,2014.0,"Jan,Apr,Jul,Oct",516.0
612,d,c,2490.0,11.0,2012.0,1,31.0,2009.0,"Jan,Apr,Jul,Oct",453.0
613,c,a,250.0,6.0,2007.0,1,14.0,2011.0,"Jan,Apr,Jul,Oct",1027.0
614,a,a,1160.0,12.0,2012.0,0,23.0,2011.0,"Jan,Apr,Jul,Oct",955.0
615,d,a,730.0,8.0,2007.0,0,23.0,2011.0,"Jan,Apr,Jul,Oct",1269.0
616,a,c,3040.0,8.0,2011.0,1,35.0,2010.0,"Mar,Jun,Sept,Dec",868.0
617,a,c,8940.0,7.0,2008.0,1,9.0,2011.0,"Jan,Apr,Jul,Oct",608.0
618,d,c,9910.0,7.0,2008.0,0,23.0,2011.0,"Jan,Apr,Jul,Oct",514.0
619,a,a,1600.0,6.0,2006.0,1,45.0,2009.0,"Feb,May,Aug,Nov",452.0
620,d,c,5440.0,7.0,2008.0,1,40.0,2014.0,"Jan,Apr,Jul,Oct",703.0
621,a,a,30.0,7.0,2002.0,0,23.0,2011.0,"Jan,Apr,Jul,Oct",818.0
622,a,c,5404.0,7.0,2008.0,0,23.0,2011.0,"Jan,Apr,Jul,Oct",454.0
623,a,a,4080.0,3.0,2011.0,1,13.0,2010.0,"Jan,Apr,Jul,Oct",867.0
624,a,c,6920.0,9.0,2011.0,0,23.0,2011.0,"Jan,Apr,Jul,Oct",704.0
625,a,a,1170.0,4.0,2011.0,1,22.0,2012.0,"Feb,May,Aug,Nov",643.0
626,c,c,10740.0,11.0,2013.0,0,23.0,2011.0,"Jan,Apr,Jul,Oct",877.0
627,c,c,3970.0,3.0,2010.0,0,23.0,2011.0,"Jan,Apr,Jul,Oct",621.0
628,a,c,2180.0,7.0,2008.0,0,23.0,2011.0,"Jan,Apr,Jul,Oct",797.0
629,d,a,510.0,7.0,2014.0,1,23.0,2015.0,"Mar,Jun,Sept,Dec",750.0
630,a,a,1690.0,4.0,2015.0,0,23.0,2011.0,"Jan,Apr,Jul,Oct",828.0
631,d,c,2870.0,7.0,2008.0,1,35.0,2012.0,"Mar,Jun,Sept,Dec",657.0
632,a,a,3350.0,2.0,2010.0,0,23.0,2011.0,"Jan,Apr,Jul,Oct",902.0
633,d,a,11640.0,4.0,2005.0,1,22.0,2011.0,"Jan,Apr,Jul,Oct",575.0
634,d,a,18610.0,7.0,2008.0,0,23.0,2011.0,"Jan,Apr,Jul,Oct",670.0
635,a,a,27530.0,4.0,2014.0,0,23.0,2011.0,"Jan,Apr,Jul,Oct",629.0
636,c,a,720.0,10.0,2004.0,1,13.0,2010.0,"Jan,Apr,Jul,Oct",735.0
637,d,c,9790.0,7.0,2008.0,1,31.0,2009.0,"Feb,May,Aug,Nov",706.0
638,d,a,10170.0,11.0,2001.0,0,23.0,2011.0,"Jan,Apr,Jul,Oct",522.0
639,a,a,7780.0,11.0,2006.0,0,23.0,2011.0,"Jan,Apr,Jul,Oct",511.0
640,d,c,8040.0,7.0,2008.0,0,23.0,2011.0,"Jan,Apr,Jul,Oct",898.0
641,a,c,610.0,12.0,2003.0,1,36.0,2013.0,"Mar,Jun,Sept,Dec",575.0
642,c,c,530.0,4.0,2005.0,1,35.0,2010.0,"Mar,Jun,Sept,Dec",504.0
643,a,a,230.0,6.0,2010.0,1,18.0,2010.0,"Feb,May,Aug,Nov",1041.0
644,c,a,4030.0,12.0,2004.0,1,14.0,2011.0,"Jan,Apr,Jul,Oct",1051.0
645,a,a,90.0,7.0,2008.0,1,45.0,2009.0,"Feb,May,Aug,Nov",1392.0
646,a,a,620.0,9.0,2014.0,0,23.0,2011.0,"Jan,Apr,Jul,Oct",717.0
647,a,c,7420.0,4.0,2013.0,0,23.0,2011.0,"Jan,Apr,Jul,Oct",695.0
648,d,a,2130.0,12.0,2008.0,0,23.0,2011.0,"Jan,Apr,Jul,Oct",631.0
649,a,a,14570.0,11.0,2002.0,0,23.0,2011.0,"Jan,Apr,Jul,Oct",433.0
650,a,a,1420.0,10.0,2012.0,1,40.0,2014.0,"Jan,Apr,Jul,Oct",689.0
651,a,a,200.0,7.0,2008.0,0,23.0,2011.0,"Jan,Apr,Jul,Oct",969.0
652,a,a,20390.0,7.0,2008.0,0,23.0,2011.0,"Jan,Apr,Jul,Oct",696.0
653,d,c,7520.0,7.0,2014.0,1,45.0,2009.0,"Feb,May,Aug,Nov",524.0
654,c,a,6930.0,9.0,2006.0,0,23.0,2011.0,"Jan,Apr,Jul,Oct",707.0
655,d,c,960.0,11.0,2012.0,1,5.0,2013.0,"Feb,May,Aug,Nov",677.0
656,d,a,410.0,4.0,2009.0,1,13.0,2010.0,"Jan,Apr,Jul,Oct",393.0
657,c,c,80.0,1.0,2006.0,1,10.0,2014.0,"Jan,Apr,Jul,Oct",783.0
658,d,c,520.0,7.0,2008.0,1,37.0,2009.0,"Jan,Apr,Jul,Oct",635.0
659,d,a,1590.0,3.0,2012.0,0,23.0,2011.0,"Jan,Apr,Jul,Oct",715.0
660,a,a,1200.0,11.0,2006.0,1,40.0,2014.0,"Jan,Apr,Jul,Oct",524.0
661,d,c,2140.0,7.0,2013.0,0,23.0,2011.0,"Jan,Apr,Jul,Oct",608.0
662,d,a,1070.0,7.0,2008.0,0,23.0,2011.0,"Jan,Apr,Jul,Oct",802.0
663,a,c,7860.0,5.0,2005.0,0,23.0,2011.0,"Jan,Apr,Jul,Oct",608.0
664,d,c,1680.0,10.0,2005.0,0,23.0,2011.0,"Jan,Apr,Jul,Oct",612.0
665,a,a,90.0,12.0,2012.0,1,14.0,2011.0,"Jan,Apr,Jul,Oct",1316.0
666,c,c,2700.0,7.0,2008.0,1,9.0,2011.0,"Mar,Jun,Sept,Dec",655.0
667,d,c,2870.0,9.0,2012.0,0,23.0,2011.0,"Jan,Apr,Jul,Oct",817.0
668,c,a,1270.0,9.0,2010.0,0,23.0,2011.0,"Jan,Apr,Jul,Oct",1160.0
669,d,a,17080.0,7.0,2012.0,1,31.0,2013.0,"Jan,Apr,Jul,Oct",410.0
670,a,a,2060.0,7.0,2008.0,1,45.0,2009.0,"Feb,May,Aug,Nov",731.0
671,a,c,2070.0,2.0,2008.0,1,39.0,2010.0,"Jan,Apr,Jul,Oct",606.0
672,c,a,240.0,9.0,2002.0,0,23.0,2011.0,"Jan,Apr,Jul,Oct",1460.0
673,d,c,15170.0,7.0,2008.0,1,5.0,2013.0,"Feb,May,Aug,Nov",584.0
674,a,a,2640.0,12.0,2005.0,1,31.0,2013.0,"Feb,May,Aug,Nov",1031.0
675,a,a,2100.0,8.0,2013.0,1,14.0,2011.0,"Jan,Apr,Jul,Oct",494.0
676,b,b,1410.0,9.0,2008.0,0,23.0,2011.0,"Jan,Apr,Jul,Oct",1597.0
677,d,a,1740.0,6.0,2014.0,1,45.0,2009.0,"Feb,May,Aug,Nov",685.0
678,c,a,3250.0,7.0,2008.0,1,40.0,2011.0,"Jan,Apr,Jul,Oct",826.0
679,a,a,4140.0,9.0,2012.0,0,23.0,2011.0,"Jan,Apr,Jul,Oct",1071.0
680,c,a,170.0,7.0,2008.0,1,35.0,2012.0,"Mar,Jun,Sept,Dec",811.0
681,a,c,620.0,7.0,2008.0,1,1.0,2014.0,"Mar,Jun,Sept,Dec",514.0
682,b,a,150.0,9.0,2006.0,0,23.0,2011.0,"Jan,Apr,Jul,Oct",1762.0
683,a,a,2850.0,7.0,2014.0,0,23.0,2011.0,"Jan,Apr,Jul,Oct",925.0
684,d,c,680.0,7.0,2008.0,1,22.0,2012.0,"Jan,Apr,Jul,Oct",610.0
685,a,a,650.0,11.0,2013.0,1,37.0,2009.0,"Jan,Apr,Jul,Oct",671.0
686,a,a,20050.0,4.0,2002.0,0,23.0,2011.0,"Jan,Apr,Jul,Oct",778.0
687,d,c,2770.0,7.0,2008.0,0,23.0,2011.0,"Jan,Apr,Jul,Oct",732.0
688,a,a,18760.0,8.0,2015.0,1,14.0,2011.0,"Jan,Apr,Jul,Oct",390.0
689,d,a,15040.0,10.0,2004.0,0,23.0,2011.0,"Jan,Apr,Jul,Oct",762.0
690,a,a,100.0,7.0,2008.0,0,23.0,2011.0,"Jan,Apr,Jul,Oct",806.0
691,d,c,3030.0,7.0,2008.0,1,37.0,2009.0,"Jan,Apr,Jul,Oct",651.0
692,a,a,40.0,8.0,2001.0,0,23.0,2011.0,"Jan,Apr,Jul,Oct",838.0
693,d,a,450.0,7.0,2008.0,1,40.0,2011.0,"Jan,Apr,Jul,Oct",513.0
694,a,c,460.0,11.0,2012.0,1,40.0,2014.0,"Jan,Apr,Jul,Oct",791.0
695,a,a,550.0,7.0,2011.0,1,1.0,2012.0,"Jan,Apr,Jul,Oct",544.0
696,a,c,430.0,7.0,2008.0,0,23.0,2011.0,"Jan,Apr,Jul,Oct",1020.0
697,d,a,3780.0,7.0,2008.0,1,40.0,2011.0,"Jan,Apr,Jul,Oct",1027.0
698,a,a,1790.0,5.0,2011.0,0,23.0,2011.0,"Jan,Apr,Jul,Oct",1921.0
699,a,a,180.0,7.0,2008.0,1,5.0,2013.0,"Jan,Apr,Jul,Oct",1027.0
700,a,c,830.0,7.0,2008.0,1,27.0,2013.0,"Jan,Apr,Jul,Oct",548.0
701,d,a,1450.0,3.0,2012.0,1,14.0,2011.0,"Jan,Apr,Jul,Oct",647.0
702,a,a,8550.0,9.0,2001.0,1,45.0,2009.0,"Feb,May,Aug,Nov",370.0
703,a,a,80.0,6.0,2005.0,0,23.0,2011.0,"Jan,Apr,Jul,Oct",370.0
704,d,c,1910.0,4.0,2009.0,0,23.0,2011.0,"Jan,Apr,Jul,Oct",1082.0
705,a,a,4140.0,9.0,2012.0,1,18.0,2011.0,"Feb,May,Aug,Nov",969.0
706,d,a,7830.0,9.0,2014.0,1,10.0,2014.0,"Mar,Jun,Sept,Dec",550.0
707,a,c,2900.0,7.0,1990.0,0,23.0,2011.0,"Jan,Apr,Jul,Oct",928.0
708,c,c,11470.0,10.0,2009.0,1,18.0,2014.0,"Jan,Apr,Jul,Oct",441.0
709,a,a,500.0,12.0,2010.0,0,23.0,2011.0,"Jan,Apr,Jul,Oct",1301.0
710,d,a,1500.0,9.0,2008.0,1,14.0,2011.0,"Jan,Apr,Jul,Oct",388.0
711,d,a,17110.0,3.0,2007.0,1,5.0,2010.0,"Jan,Apr,Jul,Oct",540.0
712,a,a,4870.0,9.0,2007.0,1,45.0,2009.0,"Jan,Apr,Jul,Oct",604.0
713,a,c,220.0,7.0,2008.0,1,10.0,2014.0,"Jan,Apr,Jul,Oct",1386.0
714,d,c,12070.0,10.0,2005.0,1,10.0,2013.0,"Jan,Apr,Jul,Oct",329.0
715,a,a,14810.0,6.0,2014.0,0,23.0,2011.0,"Jan,Apr,Jul,Oct",707.0
716,d,a,3200.0,1.0,2008.0,1,22.0,2011.0,"Jan,Apr,Jul,Oct",488.0
717,d,c,310.0,7.0,2008.0,1,40.0,2011.0,"Jan,Apr,Jul,Oct",571.0
718,a,a,1100.0,6.0,2015.0,0,23.0,2011.0,"Jan,Apr,Jul,Oct",878.0
719,c,c,8190.0,7.0,2008.0,1,45.0,2009.0,"Feb,May,Aug,Nov",490.0
720,a,c,15320.0,3.0,2011.0,1,14.0,2013.0,"Feb,May,Aug,Nov",739.0
721,a,c,3590.0,9.0,2012.0,1,22.0,2012.0,"Mar,Jun,Sept,Dec",775.0
722,a,a,50.0,7.0,2008.0,0,23.0,2011.0,"Jan,Apr,Jul,Oct",1620.0
723,d,c,5650.0,9.0,2008.0,1,5.0,2013.0,"Feb,May,Aug,Nov",560.0
724,d,c,5900.0,7.0,2008.0,0,23.0,2011.0,"Jan,Apr,Jul,Oct",715.0
725,d,c,17540.0,6.0,2012.0,0,23.0,2011.0,"Jan,Apr,Jul,Oct",606.0
726,a,c,40540.0,2.0,2002.0,0,23.0,2011.0,"Jan,Apr,Jul,Oct",1097.0
727,a,a,2050.0,3.0,2007.0,0,23.0,2011.0,"Jan,Apr,Jul,Oct",482.0
728,d,a,13990.0,7.0,2008.0,1,14.0,2011.0,"Jan,Apr,Jul,Oct",476.0
729,c,c,8980.0,6.0,2011.0,0,23.0,2011.0,"Jan,Apr,Jul,Oct",1090.0
730,c,a,1190.0,9.0,2013.0,0,23.0,2011.0,"Jan,Apr,Jul,Oct",1046.0
731,a,a,15270.0,7.0,2008.0,1,10.0,2014.0,"Jan,Apr,Jul,Oct",988.0
732,a,c,35280.0,7.0,2008.0,0,23.0,2011.0,"Jan,Apr,Jul,Oct",676.0
733,b,b,860.0,10.0,1999.0,0,23.0,2011.0,"Jan,Apr,Jul,Oct",3412.0
734,a,a,220.0,7.0,2008.0,1,36.0,2013.0,"Mar,Jun,Sept,Dec",609.0
735,d,c,1920.0,4.0,2005.0,0,23.0,2011.0,"Jan,Apr,Jul,Oct",558.0
736,c,c,1650.0,7.0,2008.0,1,14.0,2011.0,"Jan,Apr,Jul,Oct",537.0
737,a,a,100.0,5.0,2007.0,1,31.0,2013.0,"Jan,Apr,Jul,Oct",922.0
738,d,c,5980.0,10.0,2005.0,0,23.0,2011.0,"Jan,Apr,Jul,Oct",717.0
739,d,c,2770.0,6.0,2008.0,1,22.0,2011.0,"Jan,Apr,Jul,Oct",763.0
740,d,a,6400.0,3.0,2014.0,0,23.0,2011.0,"Jan,Apr,Jul,Oct",516.0
741,d,c,11900.0,7.0,2008.0,0,23.0,2011.0,"Jan,Apr,Jul,Oct",900.0
742,d,c,4380.0,7.0,2008.0,0,23.0,2011.0,"Jan,Apr,Jul,Oct",870.0
743,a,a,6710.0,11.0,2003.0,1,14.0,2012.0,"Jan,Apr,Jul,Oct",443.0
744,a,a,1370.0,12.0,2011.0,1,40.0,2014.0,"Jan,Apr,Jul,Oct",852.0
745,a,a,17650.0,11.0,2013.0,1,37.0,2009.0,"Jan,Apr,Jul,Oct",747.0
746,d,c,4330.0,2.0,2011.0,1,35.0,2011.0,"Mar,Jun,Sept,Dec",503.0
747,c,c,45740.0,8.0,2008.0,0,23.0,2011.0,"Jan,Apr,Jul,Oct",724.0
748,d,a,2380.0,3.0,2010.0,1,14.0,2011.0,"Jan,Apr,Jul,Oct",507.0
749,a,a,3410.0,8.0,2011.0,1,14.0,2015.0,"Jan,Apr,Jul,Oct",693.0
750,d,a,8670.0,2.0,2002.0,1,14.0,2011.0,"Jan,Apr,Jul,Oct",420.0
751,a,a,650.0,10.0,2006.0,0,23.0,2011.0,"Jan,Apr,Jul,Oct",609.0
752,a,a,970.0,3.0,2013.0,1,31.0,2013.0,"Feb,May,Aug,Nov",489.0
753,d,c,540.0,11.0,2012.0,1,35.0,2010.0,"Mar,Jun,Sept,Dec",790.0
754,c,c,380.0,5.0,2008.0,1,10.0,2014.0,"Mar,Jun,Sept,Dec",1056.0
755,d,c,13130.0,12.0,2003.0,0,23.0,2011.0,"Jan,Apr,Jul,Oct",925.0
756,a,c,50.0,7.0,2008.0,1,40.0,2011.0,"Jan,Apr,Jul,Oct",2318.0
757,a,c,3450.0,7.0,2008.0,0,23.0,2011.0,"Jan,Apr,Jul,Oct",539.0
758,a,c,19780.0,6.0,2008.0,0,23.0,2011.0,"Jan,Apr,Jul,Oct",666.0
759,a,a,110.0,11.0,2012.0,1,31.0,2013.0,"Feb,May,Aug,Nov",801.0
760,a,a,560.0,1.0,2011.0,0,23.0,2011.0,"Jan,Apr,Jul,Oct",1267.0
761,a,a,2390.0,9.0,2012.0,0,23.0,2011.0,"Jan,Apr,Jul,Oct",996.0
762,d,c,1280.0,7.0,2008.0,1,10.0,2013.0,"Mar,Jun,Sept,Dec",391.0
763,d,c,32240.0,3.0,2010.0,0,23.0,2011.0,"Jan,Apr,Jul,Oct",619.0
764,a,c,26490.0,7.0,2008.0,1,10.0,2014.0,"Mar,Jun,Sept,Dec",410.0
765,a,c,25430.0,5.0,1999.0,1,37.0,2009.0,"Jan,Apr,Jul,Oct",750.0
766,d,c,9820.0,7.0,2008.0,0,23.0,2011.0,"Jan,Apr,Jul,Oct",534.0
767,a,c,13080.0,7.0,2008.0,0,23.0,2011.0,"Jan,Apr,Jul,Oct",652.0
768,a,c,2630.0,9.0,2012.0,0,23.0,2011.0,"Jan,Apr,Jul,Oct",1345.0
769,b,b,840.0,7.0,2008.0,1,48.0,2012.0,"Jan,Apr,Jul,Oct",2939.0
770,a,c,100.0,4.0,2015.0,0,23.0,2011.0,"Jan,Apr,Jul,Oct",774.0
771,a,a,20640.0,9.0,2007.0,0,23.0,2011.0,"Jan,Apr,Jul,Oct",716.0
772,d,c,1850.0,7.0,2008.0,0,23.0,2011.0,"Jan,Apr,Jul,Oct",484.0
773,a,a,200.0,7.0,2008.0,0,23.0,2011.0,"Jan,Apr,Jul,Oct",834.0
774,a,c,640.0,9.0,2013.0,0,23.0,2011.0,"Jan,Apr,Jul,Oct",746.0
775,d,c,6970.0,12.0,2005.0,1,22.0,2011.0,"Jan,Apr,Jul,Oct",651.0
776,c,a,700.0,4.0,2009.0,1,14.0,2011.0,"Jan,Apr,Jul,Oct",544.0
777,d,c,8250.0,10.0,2004.0,1,10.0,2013.0,"Mar,Jun,Sept,Dec",344.0
778,a,a,340.0,6.0,2003.0,1,40.0,2014.0,"Jan,Apr,Jul,Oct",823.0
779,a,a,16990.0,4.0,2004.0,0,23.0,2011.0,"Jan,Apr,Jul,Oct",728.0
780,a,a,18160.0,7.0,2008.0,0,23.0,2011.0,"Jan,Apr,Jul,Oct",809.0
781,a,a,630.0,4.0,2007.0,0,23.0,2011.0,"Jan,Apr,Jul,Oct",692.0
782,c,c,5390.0,8.0,2003.0,1,1.0,2012.0,"Jan,Apr,Jul,Oct",525.0
783,d,c,15490.0,7.0,2008.0,0,23.0,2011.0,"Jan,Apr,Jul,Oct",698.0
784,a,a,560.0,10.0,2014.0,1,10.0,2014.0,"Jan,Apr,Jul,Oct",890.0
785,d,c,970.0,7.0,2005.0,1,31.0,2013.0,"Feb,May,Aug,Nov",539.0
786,a,a,290.0,11.0,2006.0,1,5.0,2013.0,"Feb,May,Aug,Nov",588.0
787,c,c,3210.0,6.0,2009.0,0,23.0,2011.0,"Jan,Apr,Jul,Oct",1164.0
788,a,c,1530.0,3.0,2013.0,0,23.0,2011.0,"Jan,Apr,Jul,Oct",1759.0
789,a,c,9770.0,7.0,2003.0,0,23.0,2011.0,"Jan,Apr,Jul,Oct",478.0
790,d,c,9070.0,12.0,2003.0,0,23.0,2011.0,"Jan,Apr,Jul,Oct",692.0
791,a,a,5950.0,4.0,2007.0,0,23.0,2011.0,"Jan,Apr,Jul,Oct",791.0
792,d,a,17280.0,10.0,2009.0,1,18.0,2011.0,"Feb,May,Aug,Nov",729.0
793,d,a,2710.0,7.0,2006.0,0,23.0,2011.0,"Jan,Apr,Jul,Oct",472.0
794,c,c,5090.0,9.0,2006.0,0,23.0,2011.0,"Jan,Apr,Jul,Oct",536.0
795,d,a,510.0,7.0,2008.0,1,35.0,2010.0,"Mar,Jun,Sept,Dec",491.0
796,a,c,7180.0,11.0,2012.0,0,23.0,2011.0,"Jan,Apr,Jul,Oct",673.0
797,a,a,2090.0,10.0,2012.0,1,40.0,2014.0,"Jan,Apr,Jul,Oct",414.0
798,a,a,9560.0,4.0,2001.0,0,23.0,2011.0,"Jan,Apr,Jul,Oct",899.0
799,a,c,2700.0,7.0,2008.0,0,23.0,2011.0,"Jan,Apr,Jul,Oct",916.0
800,d,a,2020.0,7.0,2014.0,0,23.0,2011.0,"Jan,Apr,Jul,Oct",553.0
801,d,a,48330.0,4.0,2013.0,0,23.0,2011.0,"Jan,Apr,Jul,Oct",495.0
802,a,c,910.0,7.0,2008.0,1,22.0,2011.0,"Feb,May,Aug,Nov",553.0
803,d,a,1760.0,7.0,2008.0,1,10.0,2014.0,"Mar,Jun,Sept,Dec",521.0
804,c,c,2100.0,7.0,2008.0,1,1.0,2013.0,"Jan,Apr,Jul,Oct",462.0
805,d,a,24770.0,10.0,2011.0,1,10.0,2014.0,"Mar,Jun,Sept,Dec",618.0
806,d,a,260.0,7.0,2008.0,1,44.0,2010.0,"Feb,May,Aug,Nov",548.0
807,a,a,3870.0,4.0,2008.0,0,23.0,2011.0,"Jan,Apr,Jul,Oct",1003.0
808,a,a,18620.0,7.0,2008.0,1,31.0,2009.0,"Feb,May,Aug,Nov",613.0
809,a,a,12770.0,10.0,2000.0,0,23.0,2011.0,"Jan,Apr,Jul,Oct",831.0
810,d,c,9640.0,11.0,2013.0,0,23.0,2011.0,"Jan,Apr,Jul,Oct",521.0
811,a,a,410.0,9.0,2012.0,0,23.0,2011.0,"Jan,Apr,Jul,Oct",704.0
812,d,a,2590.0,9.0,2012.0,0,23.0,2011.0,"Jan,Apr,Jul,Oct",806.0
813,a,a,1560.0,9.0,2003.0,0,23.0,2011.0,"Jan,Apr,Jul,Oct",671.0
814,d,c,24530.0,7.0,2013.0,0,23.0,2011.0,"Jan,Apr,Jul,Oct",715.0
815,a,a,590.0,1.0,1900.0,1,40.0,2014.0,"Jan,Apr,Jul,Oct",917.0
816,c,c,460.0,7.0,2008.0,0,23.0,2011.0,"Jan,Apr,Jul,Oct",774.0
817,a,a,140.0,3.0,2006.0,0,23.0,2011.0,"Jan,Apr,Jul,Oct",3291.0
818,d,a,490.0,7.0,2008.0,1,35.0,2010.0,"Mar,Jun,Sept,Dec",649.0
819,a,c,720.0,10.0,2014.0,0,23.0,2011.0,"Jan,Apr,Jul,Oct",569.0
820,a,c,1650.0,7.0,2008.0,1,40.0,2014.0,"Jan,Apr,Jul,Oct",1149.0
821,a,a,1700.0,9.0,2009.0,0,23.0,2011.0,"Jan,Apr,Jul,Oct",870.0
822,a,c,410.0,11.0,2010.0,1,48.0,2010.0,"Mar,Jun,Sept,Dec",668.0
823,a,c,16210.0,11.0,2010.0,0,23.0,2011.0,"Jan,Apr,Jul,Oct",576.0
824,a,a,17570.0,7.0,2008.0,0,23.0,2011.0,"Jan,Apr,Jul,Oct",840.0
825,a,a,380.0,5.0,2011.0,1,40.0,2014.0,"Jan,Apr,Jul,Oct",546.0
826,a,c,7980.0,6.0,2005.0,0,23.0,2011.0,"Jan,Apr,Jul,Oct",781.0
827,a,c,250.0,1.0,2005.0,0,23.0,2011.0,"Jan,Apr,Jul,Oct",1599.0
828,d,c,3290.0,12.0,2014.0,0,23.0,2011.0,"Jan,Apr,Jul,Oct",612.0
829,c,a,110.0,7.0,2008.0,0,23.0,2011.0,"Jan,Apr,Jul,Oct",809.0
830,a,c,6320.0,7.0,2008.0,1,5.0,2011.0,"Jan,Apr,Jul,Oct",536.0
831,a,a,800.0,6.0,2007.0,0,23.0,2011.0,"Jan,Apr,Jul,Oct",1598.0
832,d,a,5070.0,7.0,2008.0,1,45.0,2009.0,"Feb,May,Aug,Nov",577.0
833,d,c,3290.0,12.0,1999.0,1,35.0,2010.0,"Mar,Jun,Sept,Dec",532.0
834,a,a,3470.0,3.0,2012.0,0,23.0,2011.0,"Jan,Apr,Jul,Oct",654.0
835,a,a,2890.0,12.0,2007.0,1,10.0,2014.0,"Mar,Jun,Sept,Dec",676.0
836,a,a,2720.0,9.0,2012.0,0,23.0,2011.0,"Jan,Apr,Jul,Oct",734.0
837,a,c,14600.0,4.0,2015.0,0,23.0,2011.0,"Jan,Apr,Jul,Oct",435.0
838,d,c,6890.0,7.0,2008.0,1,48.0,2011.0,"Mar,Jun,Sept,Dec",836.0
839,c,a,240.0,1.0,2015.0,0,23.0,2011.0,"Jan,Apr,Jul,Oct",699.0
840,a,a,1070.0,9.0,2009.0,0,23.0,2011.0,"Jan,Apr,Jul,Oct",1088.0
841,a,a,27650.0,8.0,2004.0,0,23.0,2011.0,"Jan,Apr,Jul,Oct",452.0
842,d,c,1200.0,11.0,2007.0,0,23.0,2011.0,"Jan,Apr,Jul,Oct",1157.0
843,c,a,60.0,4.0,2006.0,0,23.0,2011.0,"Jan,Apr,Jul,Oct",1170.0
844,a,a,2030.0,9.0,2012.0,1,18.0,2011.0,"Feb,May,Aug,Nov",487.0
845,d,a,7860.0,11.0,2005.0,1,14.0,2011.0,"Jan,Apr,Jul,Oct",375.0
846,a,c,8860.0,4.0,2004.0,1,37.0,2009.0,"Jan,Apr,Jul,Oct",900.0
847,c,c,190.0,7.0,2008.0,1,31.0,2013.0,"Feb,May,Aug,Nov",1042.0
848,a,c,370.0,7.0,2007.0,1,14.0,2011.0,"Jan,Apr,Jul,Oct",749.0
849,c,c,5000.0,7.0,2008.0,0,23.0,2011.0,"Jan,Apr,Jul,Oct",896.0
850,d,a,1120.0,5.0,2007.0,1,31.0,2013.0,"Jan,Apr,Jul,Oct",686.0
851,d,c,2330.0,7.0,2008.0,1,49.0,2014.0,"Mar,Jun,Sept,Dec",500.0
852,c,a,940.0,4.0,2004.0,1,14.0,2011.0,"Jan,Apr,Jul,Oct",623.0
853,a,a,14040.0,7.0,2008.0,0,23.0,2011.0,"Jan,Apr,Jul,Oct",1010.0
854,c,a,4770.0,7.0,2008.0,1,13.0,2010.0,"Jan,Apr,Jul,Oct",709.0
855,a,a,3440.0,7.0,2008.0,1,45.0,2009.0,"Feb,May,Aug,Nov",629.0
856,a,a,3020.0,2.0,2010.0,0,23.0,2011.0,"Jan,Apr,Jul,Oct",986.0
857,c,a,6270.0,8.0,2005.0,1,23.0,2014.0,"Mar,Jun,Sept,Dec",922.0
858,a,a,3370.0,12.0,2008.0,1,40.0,2014.0,"Jan,Apr,Jul,Oct",439.0
859,c,a,21770.0,7.0,2015.0,0,23.0,2011.0,"Jan,Apr,Jul,Oct",752.0
860,c,c,5980.0,2.0,2010.0,0,23.0,2011.0,"Jan,Apr,Jul,Oct",708.0
861,c,c,740.0,7.0,2008.0,1,14.0,2013.0,"Mar,Jun,Sept,Dec",509.0
862,a,c,2840.0,3.0,2010.0,1,14.0,2011.0,"Jan,Apr,Jul,Oct",1166.0
863,a,c,21370.0,11.0,2010.0,0,23.0,2011.0,"Jan,Apr,Jul,Oct",930.0
864,a,a,1020.0,10.0,2012.0,1,45.0,2009.0,"Feb,May,Aug,Nov",616.0
865,d,c,2640.0,7.0,2008.0,0,23.0,2011.0,"Jan,Apr,Jul,Oct",641.0
866,d,a,9680.0,7.0,2008.0,1,5.0,2013.0,"Feb,May,Aug,Nov",502.0
867,d,c,21810.0,9.0,2012.0,0,23.0,2011.0,"Jan,Apr,Jul,Oct",427.0
868,d,c,1360.0,8.0,2005.0,1,10.0,2014.0,"Jan,Apr,Jul,Oct",673.0
869,c,a,230.0,10.0,2001.0,1,14.0,2011.0,"Jan,Apr,Jul,Oct",908.0
870,a,a,780.0,4.0,2009.0,0,23.0,2011.0,"Jan,Apr,Jul,Oct",906.0
871,d,c,10620.0,7.0,2008.0,0,23.0,2011.0,"Jan,Apr,Jul,Oct",479.0
872,a,c,3860.0,9.0,2014.0,1,23.0,2015.0,"Mar,Jun,Sept,Dec",871.0
873,a,a,2040.0,11.0,2008.0,0,23.0,2011.0,"Jan,Apr,Jul,Oct",484.0
874,a,a,3210.0,7.0,2008.0,0,23.0,2011.0,"Jan,Apr,Jul,Oct",519.0
875,d,a,5070.0,11.0,2007.0,1,18.0,2015.0,"Feb,May,Aug,Nov",513.0
876,a,a,21790.0,4.0,2005.0,1,18.0,2015.0,"Feb,May,Aug,Nov",1033.0
877,a,c,29190.0,7.0,2008.0,0,23.0,2011.0,"Jan,Apr,Jul,Oct",888.0
878,d,c,1100.0,12.0,2014.0,0,23.0,2011.0,"Jan,Apr,Jul,Oct",825.0
879,d,a,5404.0,7.0,2008.0,1,5.0,2013.0,"Feb,May,Aug,Nov",378.0
880,a,c,4570.0,7.0,2008.0,0,23.0,2011.0,"Jan,Apr,Jul,Oct",796.0
881,a,a,180.0,3.0,2008.0,1,31.0,2013.0,"Feb,May,Aug,Nov",650.0
882,a,a,30.0,4.0,2013.0,0,23.0,2011.0,"Jan,Apr,Jul,Oct",899.0
883,a,a,3200.0,6.0,2005.0,0,23.0,2011.0,"Jan,Apr,Jul,Oct",529.0
884,d,c,7550.0,7.0,2008.0,0,23.0,2011.0,"Jan,Apr,Jul,Oct",534.0
885,a,a,480.0,12.0,2005.0,0,23.0,2011.0,"Jan,Apr,Jul,Oct",690.0
886,a,c,12430.0,10.0,2004.0,0,23.0,2011.0,"Jan,Apr,Jul,Oct",626.0
887,d,a,19700.0,7.0,2008.0,1,37.0,2009.0,"Jan,Apr,Jul,Oct",597.0
888,d,a,4450.0,6.0,2012.0,1,35.0,2012.0,"Mar,Jun,Sept,Dec",737.0
889,d,a,18670.0,12.0,2005.0,0,23.0,2011.0,"Jan,Apr,Jul,Oct",477.0
890,a,a,4450.0,7.0,2008.0,1,14.0,2011.0,"Jan,Apr,Jul,Oct",458.0
891,a,c,350.0,7.0,2008.0,1,31.0,2013.0,"Feb,May,Aug,Nov",1134.0
892,a,a,19370.0,4.0,2002.0,0,23.0,2011.0,"Jan,Apr,Jul,Oct",808.0
893,a,a,130.0,7.0,2008.0,1,1.0,2013.0,"Jan,Apr,Jul,Oct",867.0
894,a,a,190.0,11.0,2012.0,0,23.0,2011.0,"Jan,Apr,Jul,Oct",1066.0
895,a,c,4150.0,7.0,2008.0,0,23.0,2011.0,"Jan,Apr,Jul,Oct",907.0
896,a,c,170.0,9.0,2012.0,0,23.0,2011.0,"Jan,Apr,Jul,Oct",1101.0
897,c,c,3290.0,1.0,2007.0,1,5.0,2013.0,"Feb,May,Aug,Nov",357.0
898,a,a,18540.0,7.0,2008.0,0,23.0,2011.0,"Jan,Apr,Jul,Oct",737.0
899,d,a,2590.0,7.0,2008.0,1,13.0,2010.0,"Jan,Apr,Jul,Oct",587.0
900,a,a,3920.0,4.0,2005.0,1,40.0,2014.0,"Jan,Apr,Jul,Oct",562.0
901,a,c,3170.0,4.0,2014.0,0,23.0,2011.0,"Jan,Apr,Jul,Oct",668.0
902,a,a,310.0,5.0,2015.0,1,40.0,2014.0,"Jan,Apr,Jul,Oct",661.0
903,d,c,7290.0,9.0,2014.0,0,23.0,2011.0,"Jan,Apr,Jul,Oct",857.0
904,d,c,570.0,7.0,2013.0,1,14.0,2011.0,"Jan,Apr,Jul,Oct",546.0
905,a,a,90.0,6.0,2014.0,0,23.0,2011.0,"Jan,Apr,Jul,Oct",1434.0
906,a,a,90.0,7.0,2010.0,0,23.0,2011.0,"Jan,Apr,Jul,Oct",1325.0
907,a,c,250.0,7.0,2008.0,0,23.0,2011.0,"Jan,Apr,Jul,Oct",821.0
908,a,a,1980.0,7.0,2010.0,1,37.0,2009.0,"Jan,Apr,Jul,Oct",388.0
909,a,c,1680.0,7.0,2008.0,1,45.0,2009.0,"Feb,May,Aug,Nov",1029.0
910,d,c,12480.0,7.0,2008.0,1,1.0,2013.0,"Jan,Apr,Jul,Oct",591.0
911,a,c,16490.0,7.0,2008.0,0,23.0,2011.0,"Jan,Apr,Jul,Oct",928.0
912,c,c,3100.0,5.0,2010.0,0,23.0,2011.0,"Jan,Apr,Jul,Oct",776.0
913,a,a,280.0,7.0,2008.0,0,23.0,2011.0,"Jan,Apr,Jul,Oct",1185.0
914,c,c,2640.0,4.0,2011.0,1,22.0,2012.0,"Mar,Jun,Sept,Dec",1168.0
915,d,c,650.0,3.0,2013.0,1,40.0,2014.0,"Jan,Apr,Jul,Oct",550.0
916,a,a,90.0,11.0,2012.0,0,23.0,2011.0,"Jan,Apr,Jul,Oct",725.0
917,a,a,7240.0,2.0,2010.0,0,23.0,2011.0,"Jan,Apr,Jul,Oct",779.0
918,a,c,18710.0,4.0,2015.0,0,23.0,2011.0,"Jan,Apr,Jul,Oct",576.0
919,a,a,2620.0,7.0,2008.0,1,45.0,2009.0,"Feb,May,Aug,Nov",695.0
920,a,a,850.0,2.0,2012.0,1,40.0,2014.0,"Jan,Apr,Jul,Oct",584.0
921,a,a,840.0,9.0,2006.0,0,23.0,2011.0,"Jan,Apr,Jul,Oct",1169.0
922,d,a,2110.0,3.0,2006.0,0,23.0,2011.0,"Jan,Apr,Jul,Oct",729.0
923,a,a,280.0,9.0,2008.0,0,23.0,2011.0,"Jan,Apr,Jul,Oct",659.0
924,a,a,6420.0,4.0,2011.0,1,1.0,2012.0,"Jan,Apr,Jul,Oct",475.0
925,c,a,470.0,3.0,2007.0,1,1.0,2012.0,"Jan,Apr,Jul,Oct",1194.0
926,d,c,5150.0,3.0,2011.0,1,13.0,2010.0,"Jan,Apr,Jul,Oct",556.0
927,a,a,480.0,7.0,2008.0,0,23.0,2011.0,"Jan,Apr,Jul,Oct",904.0
928,d,c,1090.0,7.0,2008.0,1,31.0,2013.0,"Feb,May,Aug,Nov",711.0
929,a,c,4820.0,9.0,2013.0,0,23.0,2011.0,"Jan,Apr,Jul,Oct",739.0
930,a,a,70.0,7.0,2008.0,0,23.0,2011.0,"Jan,Apr,Jul,Oct",1208.0
931,a,c,1480.0,9.0,2011.0,1,1.0,2012.0,"Jan,Apr,Jul,Oct",465.0
932,a,a,15700.0,7.0,2008.0,1,13.0,2010.0,"Jan,Apr,Jul,Oct",754.0
933,a,c,6270.0,2.0,2005.0,0,23.0,2011.0,"Jan,Apr,Jul,Oct",933.0
934,a,c,5460.0,7.0,2008.0,1,14.0,2011.0,"Jan,Apr,Jul,Oct",709.0
935,a,c,22350.0,6.0,2010.0,0,23.0,2011.0,"Jan,Apr,Jul,Oct",618.0
936,a,a,580.0,2.0,2008.0,0,23.0,2011.0,"Jan,Apr,Jul,Oct",927.0
937,d,a,2810.0,7.0,2008.0,1,10.0,2014.0,"Jan,Apr,Jul,Oct",608.0
938,a,a,2820.0,9.0,2009.0,0,23.0,2011.0,"Jan,Apr,Jul,Oct",984.0
939,d,a,1340.0,7.0,2008.0,0,23.0,2011.0,"Jan,Apr,Jul,Oct",592.0
940,d,c,6470.0,9.0,2012.0,0,23.0,2011.0,"Jan,Apr,Jul,Oct",747.0
941,a,a,1200.0,12.0,2011.0,1,31.0,2013.0,"Jan,Apr,Jul,Oct",563.0
942,d,c,6860.0,7.0,2008.0,1,18.0,2011.0,"Jan,Apr,Jul,Oct",482.0
943,d,c,18020.0,7.0,2008.0,0,23.0,2011.0,"Jan,Apr,Jul,Oct",626.0
944,c,a,1670.0,7.0,2015.0,0,23.0,2011.0,"Jan,Apr,Jul,Oct",1257.0
945,a,c,12480.0,3.0,2011.0,0,23.0,2011.0,"Jan,Apr,Jul,Oct",554.0
946,a,a,2220.0,12.0,2011.0,1,14.0,2015.0,"Jan,Apr,Jul,Oct",567.0
947,a,a,460.0,3.0,2014.0,1,13.0,2010.0,"Jan,Apr,Jul,Oct",1203.0
948,b,b,1430.0,7.0,2008.0,0,23.0,2011.0,"Jan,Apr,Jul,Oct",1665.0
949,a,a,870.0,3.0,2006.0,0,23.0,2011.0,"Jan,Apr,Jul,Oct",522.0
950,a,a,8460.0,11.0,1994.0,0,23.0,2011.0,"Jan,Apr,Jul,Oct",592.0
951,d,c,710.0,7.0,2008.0,1,40.0,2011.0,"Jan,Apr,Jul,Oct",718.0
952,d,c,6300.0,10.0,2013.0,0,23.0,2011.0,"Jan,Apr,Jul,Oct",556.0
953,a,a,19830.0,4.0,2006.0,1,22.0,2011.0,"Mar,Jun,Sept,Dec",566.0
954,a,a,390.0,2.0,2013.0,1,10.0,2014.0,"Jan,Apr,Jul,Oct",931.0
955,d,c,1690.0,7.0,2009.0,1,36.0,2013.0,"Mar,Jun,Sept,Dec",463.0
956,a,a,2330.0,10.0,2014.0,1,18.0,2011.0,"Feb,May,Aug,Nov",543.0
957,d,c,1420.0,11.0,2012.0,0,23.0,2011.0,"Jan,Apr,Jul,Oct",857.0
958,a,a,440.0,11.0,2013.0,0,23.0,2011.0,"Jan,Apr,Jul,Oct",608.0
959,a,c,1060.0,12.0,2005.0,0,23.0,2011.0,"Jan,Apr,Jul,Oct",772.0
960,d,a,8990.0,7.0,2008.0,1,31.0,2009.0,"Feb,May,Aug,Nov",571.0
961,d,c,9430.0,7.0,2008.0,0,23.0,2011.0,"Jan,Apr,Jul,Oct",708.0
962,c,a,260.0,7.0,2008.0,0,23.0,2011.0,"Jan,Apr,Jul,Oct",944.0
963,a,c,23620.0,11.0,2013.0,0,23.0,2011.0,"Jan,Apr,Jul,Oct",1019.0
964,a,a,270.0,7.0,2008.0,1,5.0,2013.0,"Feb,May,Aug,Nov",1482.0
965,a,c,110.0,7.0,2008.0,0,23.0,2011.0,"Jan,Apr,Jul,Oct",961.0
966,a,a,760.0,2.0,2008.0,0,23.0,2011.0,"Jan,Apr,Jul,Oct",640.0
967,a,c,3560.0,9.0,2013.0,1,36.0,2013.0,"Jan,Apr,Jul,Oct",1004.0
968,c,a,1190.0,7.0,2008.0,0,23.0,2011.0,"Jan,Apr,Jul,Oct",877.0
969,a,c,600.0,11.0,1999.0,1,10.0,2013.0,"Jan,Apr,Jul,Oct",601.0
970,a,a,910.0,12.0,2014.0,1,37.0,2009.0,"Jan,Apr,Jul,Oct",433.0
971,c,a,1140.0,5.0,2011.0,1,14.0,2012.0,"Mar,Jun,Sept,Dec",1008.0
972,a,a,14960.0,7.0,2008.0,0,23.0,2011.0,"Jan,Apr,Jul,Oct",411.0
973,d,c,330.0,7.0,2008.0,1,28.0,2012.0,"Jan,Apr,Jul,Oct",753.0
974,a,a,150.0,3.0,2011.0,1,40.0,2014.0,"Jan,Apr,Jul,Oct",1552.0
975,a,c,9630.0,7.0,2008.0,1,14.0,2011.0,"Jan,Apr,Jul,Oct",764.0
976,a,a,4180.0,7.0,2008.0,0,23.0,2011.0,"Jan,Apr,Jul,Oct",732.0
977,a,a,520.0,9.0,2005.0,1,13.0,2010.0,"Jan,Apr,Jul,Oct",541.0
978,c,c,3890.0,7.0,2008.0,0,23.0,2011.0,"Jan,Apr,Jul,Oct",984.0
979,a,c,2270.0,11.0,2005.0,1,14.0,2011.0,"Jan,Apr,Jul,Oct",641.0
980,a,a,4420.0,9.0,2005.0,0,23.0,2011.0,"Jan,Apr,Jul,Oct",587.0
981,d,c,2620.0,11.0,2002.0,0,23.0,2011.0,"Jan,Apr,Jul,Oct",769.0
982,d,a,21930.0,7.0,2008.0,0,23.0,2011.0,"Jan,Apr,Jul,Oct",711.0
983,a,a,40.0,3.0,2014.0,1,1.0,2014.0,"Jan,Apr,Jul,Oct",1547.0
984,c,a,440.0,7.0,2008.0,1,1.0,2013.0,"Jan,Apr,Jul,Oct",755.0
985,c,c,490.0,5.0,2007.0,1,13.0,2010.0,"Jan,Apr,Jul,Oct",772.0
986,a,a,620.0,10.0,2014.0,1,18.0,2014.0,"Feb,May,Aug,Nov",943.0
987,c,a,1690.0,6.0,2007.0,0,23.0,2011.0,"Jan,Apr,Jul,Oct",896.0
988,a,a,30.0,11.0,2012.0,0,23.0,2011.0,"Jan,Apr,Jul,Oct",761.0
989,a,a,1640.0,6.0,2006.0,1,40.0,2011.0,"Jan,Apr,Jul,Oct",599.0
990,d,a,20930.0,7.0,2008.0,0,23.0,2011.0,"Jan,Apr,Jul,Oct",595.0
991,a,a,1010.0,7.0,2008.0,0,23.0,2011.0,"Jan,Apr,Jul,Oct",554.0
992,a,a,2480.0,7.0,1990.0,0,23.0,2011.0,"Jan,Apr,Jul,Oct",744.0
993,d,c,3460.0,10.0,2013.0,1,10.0,2014.0,"Jan,Apr,Jul,Oct",792.0
994,a,a,2290.0,7.0,2011.0,1,1.0,2012.0,"Jan,Apr,Jul,Oct",459.0
995,d,a,6560.0,12.0,2013.0,0,23.0,2011.0,"Jan,Apr,Jul,Oct",791.0
996,c,a,2870.0,7.0,2015.0,1,13.0,2010.0,"Jan,Apr,Jul,Oct",717.0
997,d,c,5840.0,7.0,2010.0,1,37.0,2009.0,"Jan,Apr,Jul,Oct",438.0
998,a,a,780.0,9.0,2005.0,1,5.0,2013.0,"Feb,May,Aug,Nov",566.0
999,d,c,15140.0,2.0,2002.0,1,37.0,2009.0,"Jan,Apr,Jul,Oct",683.0
1000,a,c,2230.0,5.0,2009.0,1,40.0,2014.0,"Jan,Apr,Jul,Oct",707.0
1001,c,a,19640.0,7.0,2008.0,1,14.0,2011.0,"Jan,Apr,Jul,Oct",638.0
1002,d,c,1130.0,11.0,2008.0,0,23.0,2011.0,"Jan,Apr,Jul,Oct",721.0
1003,a,a,170.0,7.0,2013.0,1,27.0,2013.0,"Jan,Apr,Jul,Oct",837.0
1004,d,c,970.0,7.0,2008.0,1,9.0,2011.0,"Mar,Jun,Sept,Dec",463.0
1005,a,a,6480.0,7.0,2008.0,0,23.0,2011.0,"Jan,Apr,Jul,Oct",950.0
1006,c,c,3890.0,11.0,2006.0,1,5.0,2013.0,"Feb,May,Aug,Nov",874.0
1007,c,c,4180.0,9.0,2012.0,0,23.0,2011.0,"Jan,Apr,Jul,Oct",825.0
1008,a,c,30.0,9.0,2010.0,0,23.0,2011.0,"Jan,Apr,Jul,Oct",740.0
1009,a,a,230.0,7.0,2004.0,1,10.0,2014.0,"Jan,Apr,Jul,Oct",487.0
1010,d,c,4610.0,6.0,2010.0,1,18.0,2010.0,"Feb,May,Aug,Nov",808.0
1011,a,c,490.0,9.0,2012.0,1,18.0,2011.0,"Feb,May,Aug,Nov",996.0
1012,d,c,6330.0,6.0,2004.0,1,39.0,2010.0,"Jan,Apr,Jul,Oct",555.0
1013,a,a,630.0,2.0,2015.0,1,31.0,2013.0,"Feb,May,Aug,Nov",472.0
1014,a,c,210.0,7.0,2008.0,1,31.0,2013.0,"Jan,Apr,Jul,Oct",1376.0
1015,d,c,9910.0,12.0,2010.0,1,9.0,2011.0,"Mar,Jun,Sept,Dec",508.0
1016,c,c,550.0,7.0,2008.0,1,35.0,2010.0,"Mar,Jun,Sept,Dec",513.0
1017,c,a,110.0,11.0,2008.0,0,23.0,2011.0,"Jan,Apr,Jul,Oct",1049.0
1018,c,c,140.0,9.0,2012.0,0,23.0,2011.0,"Jan,Apr,Jul,Oct",1398.0
1019,d,c,2740.0,7.0,2014.0,1,13.0,2010.0,"Jan,Apr,Jul,Oct",781.0
1020,a,a,40.0,8.0,2015.0,0,23.0,2011.0,"Jan,Apr,Jul,Oct",1171.0
1021,a,a,1080.0,5.0,2011.0,0,23.0,2011.0,"Jan,Apr,Jul,Oct",1084.0
1022,a,c,1520.0,7.0,2008.0,0,23.0,2011.0,"Jan,Apr,Jul,Oct",828.0
1023,c,a,3740.0,2.0,2002.0,1,14.0,2011.0,"Jan,Apr,Jul,Oct",660.0
1024,c,c,1990.0,1.0,2012.0,0,23.0,2011.0,"Jan,Apr,Jul,Oct",811.0
1025,a,a,720.0,11.0,2009.0,0,23.0,2011.0,"Jan,Apr,Jul,Oct",898.0
1026,c,a,450.0,6.0,2011.0,1,48.0,2012.0,"Mar,Jun,Sept,Dec",1200.0
1027,a,c,190.0,6.0,2008.0,1,40.0,2011.0,"Jan,Apr,Jul,Oct",1692.0
1028,a,a,150.0,7.0,2008.0,1,31.0,2013.0,"Jan,Apr,Jul,Oct",556.0
1029,a,a,1590.0,3.0,2006.0,0,23.0,2011.0,"Jan,Apr,Jul,Oct",779.0
1030,a,a,36410.0,4.0,2008.0,0,23.0,2011.0,"Jan,Apr,Jul,Oct",363.0
1031,d,a,590.0,5.0,2001.0,0,23.0,2011.0,"Jan,Apr,Jul,Oct",448.0
1032,d,c,270.0,2.0,2013.0,1,40.0,2012.0,"Jan,Apr,Jul,Oct",988.0
1033,a,a,7680.0,3.0,2006.0,0,23.0,2011.0,"Jan,Apr,Jul,Oct",1336.0
1034,a,a,13750.0,4.0,2015.0,0,23.0,2011.0,"Jan,Apr,Jul,Oct",760.0
1035,a,a,27150.0,7.0,2008.0,0,23.0,2011.0,"Jan,Apr,Jul,Oct",609.0
1036,d,c,9560.0,7.0,2008.0,1,36.0,2013.0,"Jan,Apr,Jul,Oct",485.0
1037,a,c,150.0,7.0,2008.0,0,23.0,2011.0,"Jan,Apr,Jul,Oct",908.0
1038,d,a,17290.0,10.0,2013.0,0,23.0,2011.0,"Jan,Apr,Jul,Oct",536.0
1039,a,c,70.0,6.0,1990.0,1,22.0,2012.0,"Mar,Jun,Sept,Dec",1069.0
1040,a,a,4030.0,2.0,2013.0,1,10.0,2014.0,"Jan,Apr,Jul,Oct",887.0
1041,c,a,1600.0,8.0,2013.0,1,40.0,2014.0,"Jan,Apr,Jul,Oct",680.0
1042,a,a,3440.0,7.0,2008.0,1,31.0,2013.0,"Feb,May,Aug,Nov",570.0
1043,c,a,420.0,3.0,2006.0,0,23.0,2011.0,"Jan,Apr,Jul,Oct",1258.0
1044,c,a,240.0,4.0,2015.0,1,13.0,2010.0,"Jan,Apr,Jul,Oct",916.0
1045,a,c,26990.0,12.0,2013.0,0,23.0,2011.0,"Jan,Apr,Jul,Oct",923.0
1046,d,c,29070.0,4.0,2005.0,0,23.0,2011.0,"Jan,Apr,Jul,Oct",684.0
1047,a,a,3750.0,7.0,2008.0,1,45.0,2009.0,"Feb,May,Aug,Nov",544.0
1048,d,c,1860.0,9.0,2012.0,1,40.0,2012.0,"Jan,Apr,Jul,Oct",541.0
1049,a,a,370.0,7.0,2012.0,1,14.0,2011.0,"Jan,Apr,Jul,Oct",664.0
1050,d,c,13170.0,8.0,2014.0,1,9.0,2011.0,"Mar,Jun,Sept,Dec",539.0
1051,c,a,200.0,7.0,1998.0,1,1.0,2012.0,"Jan,Apr,Jul,Oct",1031.0
1052,a,c,5080.0,7.0,2008.0,1,31.0,2013.0,"Feb,May,Aug,Nov",794.0
1053,a,a,1710.0,7.0,2015.0,0,23.0,2011.0,"Jan,Apr,Jul,Oct",1028.0
1054,a,c,13190.0,7.0,2008.0,1,45.0,2013.0,"Feb,May,Aug,Nov",638.0
1055,c,a,1980.0,4.0,2009.0,0,23.0,2011.0,"Jan,Apr,Jul,Oct",1003.0
1056,d,c,5350.0,7.0,2008.0,1,40.0,2012.0,"Jan,Apr,Jul,Oct",370.0
1057,d,c,3230.0,11.0,2011.0,0,23.0,2011.0,"Jan,Apr,Jul,Oct",658.0
1058,a,c,180.0,7.0,2008.0,1,35.0,2010.0,"Mar,Jun,Sept,Dec",725.0
1059,c,a,3380.0,4.0,2013.0,0,23.0,2011.0,"Jan,Apr,Jul,Oct",1167.0
1060,a,c,3430.0,7.0,2008.0,1,31.0,2013.0,"Feb,May,Aug,Nov",873.0
1061,d,c,8110.0,7.0,2008.0,0,23.0,2011.0,"Jan,Apr,Jul,Oct",541.0
1062,d,a,190.0,9.0,2012.0,1,40.0,2012.0,"Feb,May,Aug,Nov",620.0
1063,a,c,6250.0,7.0,2008.0,0,23.0,2011.0,"Jan,Apr,Jul,Oct",543.0
1064,a,c,420.0,7.0,2008.0,0,23.0,2011.0,"Jan,Apr,Jul,Oct",1095.0
1065,a,a,1290.0,7.0,2008.0,1,35.0,2011.0,"Mar,Jun,Sept,Dec",509.0
1066,a,a,3350.0,7.0,2008.0,0,23.0,2011.0,"Jan,Apr,Jul,Oct",1150.0
1067,d,c,12020.0,7.0,2009.0,0,23.0,2011.0,"Jan,Apr,Jul,Oct",504.0
1068,d,c,5010.0,7.0,2008.0,1,5.0,2013.0,"Jan,Apr,Jul,Oct",323.0
1069,a,c,18050.0,7.0,2008.0,1,14.0,2011.0,"Jan,Apr,Jul,Oct",813.0
1070,c,c,400.0,10.0,2008.0,0,23.0,2011.0,"Jan,Apr,Jul,Oct",878.0
1071,a,a,820.0,3.0,2012.0,1,35.0,2012.0,"Mar,Jun,Sept,Dec",752.0
1072,a,c,5380.0,8.0,2015.0,1,5.0,2010.0,"Feb,May,Aug,Nov",647.0
1073,a,c,1710.0,7.0,2008.0,1,44.0,2012.0,"Jan,Apr,Jul,Oct",912.0
1074,c,c,3330.0,10.0,2001.0,1,14.0,2011.0,"Jan,Apr,Jul,Oct",569.0
1075,a,c,1410.0,10.0,2013.0,0,23.0,2011.0,"Jan,Apr,Jul,Oct",1103.0
1076,a,c,90.0,7.0,2008.0,1,1.0,2013.0,"Jan,Apr,Jul,Oct",542.0
1077,a,a,3750.0,11.0,2001.0,1,35.0,2010.0,"Mar,Jun,Sept,Dec",522.0
1078,d,c,670.0,7.0,2008.0,1,40.0,2011.0,"Jan,Apr,Jul,Oct",525.0
1079,a,a,16680.0,7.0,2008.0,1,37.0,2009.0,"Jan,Apr,Jul,Oct",723.0
1080,a,a,2410.0,7.0,2008.0,1,40.0,2014.0,"Jan,Apr,Jul,Oct",869.0
1081,b,a,400.0,3.0,2006.0,0,23.0,2011.0,"Jan,Apr,Jul,Oct",987.0
1082,c,a,440.0,4.0,2002.0,0,23.0,2011.0,"Jan,Apr,Jul,Oct",1082.0
1083,d,c,11540.0,7.0,2008.0,1,5.0,2013.0,"Feb,May,Aug,Nov",370.0
1084,a,a,190.0,7.0,2008.0,1,13.0,2010.0,"Jan,Apr,Jul,Oct",849.0
1085,c,a,4030.0,2.0,2015.0,0,23.0,2011.0,"Jan,Apr,Jul,Oct",802.0
1086,a,a,180.0,11.0,2013.0,1,18.0,2011.0,"Feb,May,Aug,Nov",959.0
1087,d,c,2210.0,11.0,2011.0,0,23.0,2011.0,"Jan,Apr,Jul,Oct",620.0
1088,a,a,4300.0,3.0,2009.0,1,27.0,2013.0,"Jan,Apr,Jul,Oct",497.0
1089,d,a,5220.0,5.0,2009.0,0,23.0,2011.0,"Jan,Apr,Jul,Oct",1041.0
1090,a,a,330.0,7.0,2008.0,1,14.0,2011.0,"Jan,Apr,Jul,Oct",807.0
1091,a,c,9990.0,7.0,2008.0,0,23.0,2011.0,"Jan,Apr,Jul,Oct",708.0
1092,a,a,300.0,7.0,2000.0,1,40.0,2014.0,"Jan,Apr,Jul,Oct",1173.0
1093,c,c,10450.0,6.0,2009.0,0,23.0,2011.0,"Jan,Apr,Jul,Oct",878.0
1094,d,a,2380.0,3.0,2013.0,1,40.0,2014.0,"Jan,Apr,Jul,Oct",389.0
1095,a,a,690.0,6.0,2007.0,1,14.0,2011.0,"Jan,Apr,Jul,Oct",705.0
1096,a,c,1130.0,7.0,2008.0,1,10.0,2014.0,"Mar,Jun,Sept,Dec",637.0
1097,b,b,720.0,3.0,2002.0,0,23.0,2011.0,"Jan,Apr,Jul,Oct",2452.0
1098,a,a,1830.0,11.0,2004.0,0,23.0,2011.0,"Jan,Apr,Jul,Oct",739.0
1099,a,c,200.0,4.0,2013.0,1,14.0,2013.0,"Jan,Apr,Jul,Oct",1022.0
1100,a,a,540.0,7.0,2008.0,1,14.0,2011.0,"Jan,Apr,Jul,Oct",726.0
1101,d,c,4060.0,9.0,2012.0,0,23.0,2011.0,"Jan,Apr,Jul,Oct",993.0
1102,a,a,850.0,11.0,2012.0,1,40.0,2014.0,"Jan,Apr,Jul,Oct",734.0
1103,d,c,1340.0,10.0,2006.0,1,5.0,2013.0,"Feb,May,Aug,Nov",383.0
1104,d,a,260.0,2.0,2012.0,1,14.0,2011.0,"Jan,Apr,Jul,Oct",451.0
1105,c,c,330.0,11.0,2008.0,1,5.0,2013.0,"Feb,May,Aug,Nov",489.0
1106,a,c,5330.0,9.0,2011.0,1,31.0,2013.0,"Jan,Apr,Jul,Oct",570.0
1107,a,a,1400.0,6.0,2012.0,1,13.0,2010.0,"Jan,Apr,Jul,Oct",691.0
1108,a,a,540.0,4.0,2004.0,0,23.0,2011.0,"Jan,Apr,Jul,Oct",616.0
1109,c,a,3490.0,4.0,2011.0,1,22.0,2012.0,"Jan,Apr,Jul,Oct",474.0
1110,c,c,900.0,9.0,2010.0,0,23.0,2011.0,"Jan,Apr,Jul,Oct",550.0
1111,a,a,1900.0,6.0,2014.0,1,31.0,2013.0,"Jan,Apr,Jul,Oct",491.0
1112,c,c,1880.0,4.0,2006.0,0,23.0,2011.0,"Jan,Apr,Jul,Oct",900.0
1113,a,c,9260.0,7.0,2008.0,0,23.0,2011.0,"Jan,Apr,Jul,Oct",735.0
1114,a,c,870.0,7.0,2008.0,0,23.0,2011.0,"Jan,Apr,Jul,Oct",3256.0
1115,d,c,5350.0,7.0,2008.0,1,22.0,2012.0,"Mar,Jun,Sept,Dec",429.0
